Potential (V),Current (A),
0.798356190661478,0.000389762417029068,389.762417029068
0.787008056076905,1.61E-04,161.327534905013
0.774739802471961,1.15E-04,115.076218814374
0.762778255207141,9.23E-05,92.330876630808
0.750816707942321,7.86E-05,78.6272373540856
0.739161867017624,6.85E-05,68.469123369192
0.72689361341268,6.13E-05,61.2860608834974
0.714625359807736,5.55E-05,55.4954451819638
0.702357106202792,5.07E-05,50.7292286564431
0.691008971618219,4.70E-05,47.0180819409476
0.678434011673152,4.38E-05,43.7853971160449
0.667085877088578,4.10E-05,41.0495765621424
0.654510917143511,3.85E-05,38.497779812314
0.642856076218814,3.63E-05,36.2772259098192
0.630894528953994,3.43E-05,34.3449759670405
0.61862627534905,3.28E-05,32.7501029983978
0.60666472808423,3.10E-05,31.0448157473106
0.595316593499657,2.98E-05,29.8302586404211
0.583048339894713,2.84E-05,28.4439459830625
0.570780086289769,2.71E-05,27.1189745937285
0.559125245365072,2.59E-05,25.8860151064317
0.546856991760128,2.46E-05,24.5733119707027
0.534282031815061,2.34E-05,23.4016937514305
0.52232048455024,2.20E-05,21.9847104600595
0.510665643625543,2.01E-05,20.0831311512932
0.499010802700847,1.80E-05,18.0159304188602
0.486435842755779,1.53E-05,15.3475852597848
0.474474295490959,1.13E-05,11.2929274433509
0.462819454566262,6.60E-06,6.60338750286106
0.450551200961318,9.05E-08,0.0904783703364614
0.438896360036622,-7.99E-06,-7.98847333485923
0.427241519111925,-1.79E-05,-17.8950881208515
0.414666559166857,-2.88E-05,-28.7874570840009
0.403011718242161,-4.10E-05,-41.01890592813
0.39105017097734,-5.25E-05,-52.5265278095674
0.37908862371252,-6.31E-05,-63.0526894026093
0.366820370107576,-7.12E-05,-71.2417486839094
0.354858822842756,-7.59E-05,-75.9098191805905
0.342283862897688,-7.77E-05,-77.6764476997024
0.331549140993362,-7.60E-05,-76.0018310826276
0.318974181048295,-7.25E-05,-72.4808422980087
0.306705927443351,-6.83E-05,-68.2666971847105
0.294744380178531,-6.34E-05,-63.3593957427329
0.283089539253834,-5.89E-05,-58.8998855573358
0.27082128564889,-5.53E-05,-55.2807507438773
0.25885973838407,-5.19E-05,-51.8640421149004
0.246898191119249,-4.88E-05,-48.8460517280842
0.234936643854429,-4.62E-05,-46.2083772030213
0.222668390249485,-4.40E-05,-44.0246280613413
0.210706842984665,-4.23E-05,-42.3438773174639
0.198745295719844,-4.07E-05,-40.7183337148089
0.187090454795148,-3.92E-05,-39.1970702677958
0.174822201190204,-3.80E-05,-37.9579766536965
0.163167360265507,-3.68E-05,-36.8047608148318
0.151205813000687,-3.58E-05,-35.8233005264362
0.139244265735866,-3.49E-05,-34.8663767452506
0.126976012130922,-3.40E-05,-34.0198672465095
0.114707758525978,-3.32E-05,-33.1978942549783
0.103052917601282,-3.24E-05,-32.4127260242618
0.0910913703364614,-3.18E-05,-31.7563744563973
0.0794365294117647,-3.13E-05,-31.2963149462119
0.0668615694666972,-3.09E-05,-30.8975967040513
0.0549000222018769,-3.04E-05,-30.3884641794461
0.0432451812771801,-2.99E-05,-29.8731975280385
0.0309769276722362,-2.92E-05,-29.204577706569
0.0184019677271687,-2.88E-05,-28.7506523231861
0.00674712680247196,-2.85E-05,-28.4930189974823
-0.00490771412222476,-2.84E-05,-28.3948729686427
-0.0168692613870451,-2.80E-05,-28.0390936140993
-0.0288308086518654,-2.76E-05,-27.5606317235065
-0.0410990622568093,-2.72E-05,-27.2171206225681
-0.0530606095216297,-2.70E-05,-27.020828564889
-0.06502215678645,-2.69E-05,-26.9288166628519
-0.0772904103913939,-2.69E-05,-26.9226825360494
-0.0889452513160906,-2.70E-05,-27.0330968184939
-0.100600092240787,-2.71E-05,-27.125108720531
-0.113175052185855,-2.73E-05,-27.2539253833829
-0.124829893110552,-2.78E-05,-27.7630579079881
-0.136791440375372,-2.84E-05,-28.3887388418402
-0.148752987640192,-2.92E-05,-29.1739070725566
-0.161021241245136,-3.03E-05,-30.3148546578164
-0.172982788509956,-3.16E-05,-31.5907530327306
-0.184637629434653,-3.28E-05,-32.7807736324102
-0.197212589379721,-3.39E-05,-33.8726482032502
-0.209480842984665,-3.54E-05,-35.4123140306706
-0.220828977569238,-3.68E-05,-36.7986266880293
-0.233097231174182,-3.78E-05,-37.8107576104372
-0.245365484779126,-3.88E-05,-38.822888532845
-0.256713619363699,-4.01E-05,-40.1294575417716
-0.268675166628519,-4.08E-05,-40.8287479972534
-0.280943420233463,-4.15E-05,-41.4666971847105
-0.292904967498283,-4.21E-05,-42.11078049897
-0.304866514763104,-4.24E-05,-42.4420233463035
-0.316828062027924,-4.29E-05,-42.9204852368963
-0.328789609292744,-4.30E-05,-43.0186312657359
-0.340751156557565,-4.33E-05,-43.2823987182422
-0.353019410162509,-4.36E-05,-43.5584344243534
-0.365287663767452,-4.35E-05,-43.4602883955139
-0.376635798352026,-4.37E-05,-43.7363241016251
-0.38890405195697,-4.39E-05,-43.8958113984894
-0.397798535820554,-4.30E-05,-43.0186312657359
-0.385836988555734,-4.12E-05,-41.1967956054017
-0.373262028610666,-4.00E-05,-39.9761043717098
-0.361607187685969,-3.88E-05,-38.8474250400549
-0.349338934081025,-3.79E-05,-37.8720988784619
-0.337684093156329,-3.69E-05,-36.859967956054
-0.325722545891508,-3.59E-05,-35.9153124284733
-0.313760998626688,-3.50E-05,-34.9583886472877
-0.301492745021744,-3.40E-05,-34.0075989929046
-0.289531197756924,-3.31E-05,-33.0568093385214
-0.277569650492103,-3.21E-05,-32.0630807965209
-0.265608103227283,-3.12E-05,-31.2411078049897
-0.253953262302586,-3.02E-05,-30.192172121767
-0.241991715037766,-2.94E-05,-29.3824673838407
-0.229723461432822,-2.82E-05,-28.1863126573587
-0.217455207827878,-2.71E-05,-27.0514991989014
-0.205800366903181,-2.58E-05,-25.7817349507897
-0.193838819638361,-2.47E-05,-24.6653238727398
-0.181877272373541,-2.36E-05,-23.5857175555047
-0.16991572510872,-2.24E-05,-22.3895628290227
-0.1579541778439,-2.13E-05,-21.3038223849851
-0.14599263057908,-2.03E-05,-20.2978255893797
-0.133724376974136,-1.92E-05,-19.1568780041199
-0.122069536049439,-1.82E-05,-18.2183566033417
-0.109801282444495,-1.75E-05,-17.5374685282673
-0.0981464415197986,-1.63E-05,-16.3474479285878
-0.0861848942549782,-1.57E-05,-15.7156328679332
-0.0742233469901579,-1.48E-05,-14.7709773403525
-0.0616483870450904,-1.38E-05,-13.7790890363928
-0.0499935461203937,-1.32E-05,-13.2319249256123
-0.0374185861753262,-1.18E-05,-11.7689356832227
-0.0257637452506294,-1.11E-05,-11.0880476081483
-0.0138021979858091,-9.87E-06,-9.86674296177615
-0.00184065072098878,-8.51E-06,-8.5092607003891
0.0101208965438315,-7.58E-06,-7.57871366445411
0.0220824438086519,-6.29E-06,-6.29238727397574
0.0343506974135958,-4.99E-06,-4.98765850308995
0.0460055383382925,-4.24E-06,-4.2435889219501
0.0582737919432364,-3.17E-06,-3.16950331883726
0.0699286328679332,-2.24E-06,-2.243250171664
0.0818901801327535,-2.44E-06,-2.44015564202335
0.0938517273975738,-2.52E-06,-2.516218814374
0.105813274662394,-2.86E-06,-2.86095674067292
0.118081528267338,-4.57E-06,-4.56869764248112
0.129736369192035,-5.65E-06,-5.65137102311742
0.142311329137102,-6.49E-06,-6.49174639505608
0.153659463721675,-7.97E-06,-7.9737514305333
0.165927717326619,-9.14E-06,-9.13555504692149
0.178195970931563,-9.45E-06,-9.4514625772488
0.190157518196384,-1.02E-05,-10.2108674753948
0.20181235912108,-1.06E-05,-10.6169466697185
0.214080612726024,-1.08E-05,-10.7807278553445
0.226348866330968,-1.07E-05,-10.6647928587778
0.237697000915541,-1.07E-05,-10.7242938887617
0.250271960860609,-1.04E-05,-10.3593133440146
0.261926801785305,-9.36E-06,-9.36251773861295
0.274501761730373,-8.56E-06,-8.55649347676814
0.285543189974823,-7.62E-06,-7.61613183794919
0.298424856260014,-5.47E-06,-5.47286793316548
0.310386403524834,-2.44E-06,-2.43647516594186
0.322041244449531,1.17E-06,1.16983932249943
0.334002791714351,6.16E-06,6.16295719844358
0.346271045319295,1.33E-05,13.3208697642481
0.358232592584115,2.24E-05,22.3895628290227
0.369580727168688,3.28E-05,32.8298466468299
0.382155687113756,4.43E-05,44.3190661478599
0.393810528038453,5.66E-05,56.562783245594
0.40638548798352,6.79E-05,67.9293202105745
0.418040328908217,7.72E-05,77.1918516823072
0.429695169832914,8.35E-05,83.4609292744335
0.442270129777981,8.61E-05,86.092469672694
0.453924970702678,8.51E-05,85.1478141451133
0.466193224307622,8.15E-05,81.4673380636301
0.478154771572442,7.62E-05,76.1797207598993
0.489809612497139,7.05E-05,70.54859235523
0.501771159761959,6.53E-05,65.2732433051041
0.514039413366903,6.06E-05,60.592904554818
0.526000960631723,5.66E-05,56.6302586404211
0.53765580155642,5.31E-05,53.1276722362097
0.54961734882124,5.01E-05,50.0544747081712
0.562499015106432,4.75E-05,47.4597390707256
0.573847149691005,4.52E-05,45.2207827878233
0.586422109636072,4.33E-05,43.2639963378347
0.598076950560769,4.15E-05,41.4544289311055
0.610038497825589,4.01E-05,40.1233234149691
0.621693338750286,3.88E-05,38.8290226596475
0.634268298695354,3.76E-05,37.639002059968
0.646229845960174,3.65E-05,36.5225909819181
0.658498099565118,3.56E-05,35.6454108491646
0.669846234149691,3.45E-05,34.4983291371023
0.682114487754635,3.38E-05,33.8419775692378
0.694076035019455,3.28E-05,32.8482490272374
0.706037582284275,3.22E-05,32.2409704737926
0.717999129549096,3.14E-05,31.400595101854
0.729653970473792,3.09E-05,30.854657816434
0.742535636758984,3.00E-05,29.9836118104829
0.753883771343557,2.95E-05,29.5174181734951
0.766152024948501,2.93E-05,29.2536507209888
0.777806865873197,2.87E-05,28.7383840695811
0.790075119478141,2.84E-05,28.43781185626
0.797742777981231,2.48E-05,24.7512016479744
0.786087937056535,2.14E-05,21.3897001602197
0.774126389791714,2.02E-05,20.1935454337377
0.76185813618677,1.92E-05,19.2427557793545
0.74989658892195,1.86E-05,18.5680018310826
0.737628335317006,1.80E-05,17.9913939116503
0.725666788052186,1.73E-05,17.3105058365759
0.713705240787365,1.67E-05,16.6786907759213
0.701743693522545,1.61E-05,16.0836804760815
0.689782146257725,1.55E-05,15.543877317464
0.678434011673152,1.51E-05,15.1144884412909
0.665859051728084,1.47E-05,14.7403067063401
0.654204210803387,1.42E-05,14.2005035477226
0.641935957198443,1.37E-05,13.6717418173495
0.629360997253376,1.36E-05,13.5625543602655
0.618012862668803,1.30E-05,12.9908537422751
0.606051315403982,1.28E-05,12.7712520027466
0.593783061799039,1.25E-05,12.5491966124971
0.581821514534218,1.20E-05,12.0388372625315
0.570166673609522,1.20E-05,11.9566399633783
0.557591713664454,1.12E-05,11.1696314946212
0.545936872739757,1.10E-05,10.9567772945754
0.533975325474937,1.03E-05,10.3200549324788
0.522013778210117,9.21E-06,9.2110048065919
0.509745524605173,8.62E-06,8.62151522087434
0.497783977340352,6.76E-06,6.75796749828336
0.485822430075532,4.15E-06,4.15157701991302
0.473860882810712,1.18E-06,1.18081940947585
0.461899335545891,-3.04E-06,-3.04498054474708
0.450244494621195,-9.53E-06,-9.53059281300069
0.437669534676127,-1.72E-05,-17.2460975051499
0.42601469375143,-2.65E-05,-26.5423666742962
0.41405314648661,-3.76E-05,-37.5776607919432
0.402398305561913,-4.93E-05,-49.2509040970474
0.390436758297093,-6.06E-05,-60.6419775692378
0.378168504692149,-7.09E-05,-70.8614328221561
0.365900251087205,-7.88E-05,-78.8357976653696
0.354245410162508,-8.32E-05,-83.246234836347
0.341977156557565,-8.46E-05,-84.6264133669032
0.330015609292744,-8.29E-05,-82.9395284962234
0.318054062027924,-7.90E-05,-79.0259555962463
0.306092514763104,-7.45E-05,-74.486701762417
0.294130967498283,-6.97E-05,-69.677546349279
0.282169420233463,-6.50E-05,-65.0094758525978
0.270207872968643,-6.11E-05,-61.0959029526207
0.257939619363699,-5.75E-05,-57.5258411535821
0.246284778439002,-5.45E-05,-54.4649118791485
0.234016524834058,-5.17E-05,-51.7106889448386
0.222054977569238,-4.95E-05,-49.453330281529
0.210093430304417,-4.75E-05,-47.4904097047379
0.198131883039597,-4.57E-05,-45.6685740444037
0.185863629434653,-4.41E-05,-44.0798352025635
0.174208788509956,-4.27E-05,-42.6628519111925
0.162247241245136,-4.15E-05,-41.5341725795376
0.150285693980316,-4.04E-05,-40.4177615014878
0.138017440375372,-3.94E-05,-39.3504234378576
0.125749186770428,-3.83E-05,-38.2830853742275
0.114094345845731,-3.74E-05,-37.4120393682765
0.101826092240787,-3.67E-05,-36.7311512932021
0.089864544975967,-3.59E-05,-35.9153124284733
0.0782097040512703,-3.53E-05,-35.2896314946212
0.06624815678645,-3.47E-05,-34.6578164339666
0.0539799031815061,-3.42E-05,-34.1854886701762
0.0426317685969329,-3.38E-05,-33.7622339208057
0.0297501023117418,-3.30E-05,-33.0077363241016
0.0184019677271687,-3.24E-05,-32.3943236438544
0.00582700778210117,-3.22E-05,-32.1857633325704
-0.00521442046234836,-3.18E-05,-31.7870450904097
-0.0177893804074159,-3.11E-05,-31.1429617761501
-0.029137514991989,-3.10E-05,-31.0386816205081
-0.0417124749370565,-3.06E-05,-30.6460975051499
-0.0530606095216297,-3.04E-05,-30.4191348134585
-0.0656355694666972,-3.02E-05,-30.1553673609522
-0.0779038230716411,-3.00E-05,-30.0326848249027
-0.0892519576562142,-2.98E-05,-29.8486610208286
-0.102133623941405,-3.03E-05,-30.3025864042115
-0.113788464866102,-3.02E-05,-30.2473792629892
-0.125443305790799,-3.06E-05,-30.5847562371252
-0.138018265735866,-3.13E-05,-31.3392538338292
-0.150593225680934,-3.22E-05,-32.2348363469902
-0.161941360265507,-3.32E-05,-33.1672236209659
-0.173902907530327,-3.41E-05,-34.0873426413367
-0.185864454795148,-3.53E-05,-35.2957656214237
-0.197826002059968,-3.65E-05,-36.5471274891279
-0.210094255664912,-3.78E-05,-37.7923552300298
-0.221442390249485,-3.90E-05,-38.9885099565118
-0.234017350194552,-4.03E-05,-40.2582742046235
-0.245978897459373,-4.14E-05,-41.4114900434882
-0.25763373838407,-4.24E-05,-42.3684138246738
-0.269901991989013,-4.32E-05,-43.214923323415
-0.281250126573587,-4.38E-05,-43.7853971160449
-0.293825086518654,-4.42E-05,-44.2147859922179
-0.305786633783474,-4.46E-05,-44.6441748683909
-0.317748181048295,-4.51E-05,-45.0551613641565
-0.329709728313115,-4.52E-05,-45.2453192950332
-0.341671275577935,-4.52E-05,-45.165575646601
-0.353939529182879,-4.56E-05,-45.6133669031815
-0.3659010764477,-4.55E-05,-45.4784161135271
-0.37786262371252,-4.55E-05,-45.4906843671321
-0.390130877317464,-4.58E-05,-45.7912565804532
-0.397185123140307,-4.47E-05,-44.6993820096132
-0.384610163195239,-4.31E-05,-43.1167772945754
-0.372955322270542,-4.16E-05,-41.6077821011673
-0.360687068665599,-4.05E-05,-40.5343099107347
-0.348725521400778,-3.95E-05,-39.5160448615244
-0.336457267795834,-3.85E-05,-38.4732433051041
-0.325415839551385,-3.75E-05,-37.5469901579309
-0.312840879606317,-3.65E-05,-36.5287251087205
-0.300879332341497,-3.57E-05,-35.7190203707942
-0.288917785076677,-3.48E-05,-34.780498970016
-0.27726294415198,-3.38E-05,-33.7745021744106
-0.264687984206912,-3.28E-05,-32.7869077592126
-0.253033143282216,-3.18E-05,-31.7931792172122
-0.241071596017395,-3.08E-05,-30.7626459143969
-0.228803342412451,-2.97E-05,-29.7137102311742
-0.216841795147631,-2.85E-05,-28.5114213778897
-0.204880247882811,-2.74E-05,-27.3827420462348
-0.19291870061799,-2.63E-05,-26.2663309681849
-0.18095715335317,-2.52E-05,-25.1560540169375
-0.16899560608835,-2.38E-05,-23.7758754863813
-0.157034058823529,-2.28E-05,-22.8312199588006
-0.145379217898833,-2.15E-05,-21.4939803158618
-0.133110964293889,-2.08E-05,-20.7640192263676
-0.121149417029068,-1.95E-05,-19.5310597390707
-0.109187869764248,-1.89E-05,-18.8501716639963
-0.0972263224994278,-1.78E-05,-17.7889677271687
-0.0849580688944838,-1.72E-05,-17.181689173724
-0.0726898152895399,-1.60E-05,-16.0223392080568
-0.0610349743648432,-1.54E-05,-15.4211947814145
-0.0490734271000229,-1.44E-05,-14.3661249713893
-0.036805173495079,-1.34E-05,-13.3993865873197
-0.024536919890135,-1.25E-05,-12.4884687571527
-0.0131887853055619,-1.10E-05,-10.9935820553902
-0.000613825360494392,-9.99E-06,-9.98942549782559
0.0110410155642023,-8.92E-06,-8.92454108491646
0.0233092691691463,-7.59E-06,-7.58607461661707
0.034964110093843,-6.22E-06,-6.21939116502632
0.0469256573586633,-5.24E-06,-5.24099794003204
0.0588872046234836,-4.33E-06,-4.32885328450446
0.0708487518883039,-3.65E-06,-3.64796520943007
0.0831170054932479,-3.30E-06,-3.30138704509041
0.0953852590981918,-3.42E-06,-3.41670862897688
0.107040100022889,-4.31E-06,-4.3098374914168
0.119308353627832,-5.30E-06,-5.29559166857404
0.130963194552529,-6.34E-06,-6.33900663767452
0.142618035477226,-7.71E-06,-7.70998397802701
0.154579582742046,-8.98E-06,-8.97545433737697
0.167154542687114,-1.00E-05,-10.00046692607
0.179422796292058,-1.04E-05,-10.3746486610208
0.190770930876631,-1.09E-05,-10.8506569008927
0.203039184481575,-1.15E-05,-11.4505745021744
0.214694025406271,-1.16E-05,-11.6137422751202
0.226962279011215,-1.14E-05,-11.4082490272374
0.239230532616159,-1.13E-05,-11.2622568093385
0.250885373540856,-1.13E-05,-11.2671641107805
0.2631536271458,-1.05E-05,-10.5163469901579
0.274808468070497,-9.27E-06,-9.27234607461661
0.287076721675441,-7.87E-06,-7.86824444953078
0.299038268940261,-6.39E-06,-6.38930647745479
0.310693109864958,-3.46E-06,-3.46455481803616
0.322961363469902,2.01E-07,0.201003067063401
0.334922910734722,5.89E-06,5.88630807965209
0.346884457999542,1.28E-05,12.7546898603799
0.359152711604486,2.21E-05,22.1135271229114
0.371114258869306,3.27E-05,32.7255664911879
0.383075806134127,4.43E-05,44.3129320210575
0.3944239407187,5.62E-05,56.2315403982605
0.406692194323644,6.78E-05,67.7759670405127
0.418960447928588,7.71E-05,77.0569008926528
0.430921995193408,8.31E-05,83.1051499198901
0.442576836118105,8.56E-05,85.5526665140764
0.454845089723049,8.42E-05,84.1970244907301
0.466806636987869,8.04E-05,80.4490730144198
0.478768184252689,7.53E-05,75.3454795147631
0.491036437857633,6.99E-05,69.8861066605631
0.502384572442206,6.46E-05,64.6107576104372
0.514959532387274,5.99E-05,59.8813458457313
0.527534492332341,5.59E-05,55.8512245365072
0.539189333257038,5.23E-05,52.287296864271
0.550537467841611,4.93E-05,49.3061112382696
0.562805721446555,4.68E-05,46.8217898832685
0.574460562371252,4.47E-05,44.7116502632181
0.587035522316319,4.28E-05,42.8039368276493
0.598383656900893,4.10E-05,40.9698329137102
0.610345204165713,3.94E-05,39.38109407187
0.622613457770657,3.82E-05,38.184939345388
0.634881711375601,3.72E-05,37.1666742961776
0.646843258640421,3.61E-05,36.10547035935
0.658804805905241,3.49E-05,34.9031815060655
0.671073059510185,3.41E-05,34.1364156557565
0.683034606775006,3.33E-05,33.2653696498054
0.694996154039826,3.24E-05,32.3575188830396
0.706650994964523,3.18E-05,31.8361181048295
0.718612542229343,3.10E-05,30.958937972076
0.730880795834287,3.04E-05,30.3823300526436
0.742842343099107,2.98E-05,29.762783245594
0.754803890363927,2.91E-05,29.1432364385443
0.767072143968871,2.88E-05,28.7506523231861
0.778726984893568,2.85E-05,28.5298237582971
0.790688532158389,2.83E-05,28.2599221789883
0.79682265896086,2.38E-05,23.7697413595788
0.785167818036164,2.09E-05,20.898970016022
0.77289956443122,1.96E-05,19.586266880293
0.761244723506523,1.88E-05,18.8379034103914
0.748976469901579,1.81E-05,18.1386129549096
0.737014922636759,1.74E-05,17.390249485008
0.725053375371938,1.68E-05,16.8320439459831
0.712785121766995,1.64E-05,16.4394598306249
0.701436987182421,1.56E-05,15.6297550926986
0.689168733577478,1.54E-05,15.3782558937972
0.677207186312657,1.48E-05,14.7525749599451
0.664938932707713,1.42E-05,14.2495765621424
0.652977385442893,1.41E-05,14.0968368047608
0.640709131837949,1.34E-05,13.4282169832914
0.628747584573129,1.29E-05,12.8528358892195
0.617399449988556,1.29E-05,12.9307392996109
0.604824490043488,1.28E-05,12.7681849393454
0.592556236438544,1.21E-05,12.0695078965438
0.581208101853971,1.16E-05,11.5689631494621
0.569246554589151,1.15E-05,11.5192767223621
0.556978300984207,1.14E-05,11.4241977569238
0.54532346005951,1.07E-05,10.72
0.53336191279469,9.83E-06,9.83484550240329
0.521400365529869,8.94E-06,8.93803616388189
0.509132111924925,8.02E-06,8.01730373083085
0.497170564660105,6.45E-06,6.44574044403754
0.485209017395285,4.17E-06,4.17304646372167
0.472634057450217,5.44E-07,0.54354497596704
0.461285922865644,-4.08E-06,-4.07919432364385
0.449324375600824,-1.04E-05,-10.4427374685283
0.436749415655756,-1.82E-05,-18.218970016022
0.42509457473106,-2.79E-05,-27.89187457084
0.413439733806363,-3.89E-05,-38.8719615472648
0.400558067521172,-5.05E-05,-50.4593270771344
0.388903226596475,-6.19E-05,-61.8872053101396
0.377248385671778,-7.19E-05,-71.9103685053788
0.364980132066834,-7.95E-05,-79.4860151064317
0.353018584802014,-8.38E-05,-83.792172121767
0.341363743877317,-8.47E-05,-84.7061570153353
0.329095490272373,-8.28E-05,-82.7616388189517
0.31682723666743,-7.89E-05,-78.8603341725795
0.305479102082856,-7.41E-05,-74.057312886244
0.293210848477913,-6.93E-05,-69.3094987411307
0.281556007553216,-6.49E-05,-64.8561226825361
0.269287753948272,-6.08E-05,-60.7769283588922
0.256712794003204,-5.73E-05,-57.3234149691005
0.245364659418631,-5.44E-05,-54.3728999771115
0.233096405813687,-5.18E-05,-51.7904325932708
0.221441564888991,-4.95E-05,-49.4962691691463
0.208866604943923,-4.75E-05,-47.4842755779355
0.197211764019226,-4.56E-05,-45.6379034103914
0.18555692309453,-4.40E-05,-44.0307621881437
0.172675256809338,-4.25E-05,-42.5094987411307
0.161327122224765,-4.15E-05,-41.5096360723278
0.149058868619821,-4.04E-05,-40.4361638818952
0.137404027695125,-3.93E-05,-39.2952162966354
0.125442480430304,-3.83E-05,-38.3260242618448
0.113480933165484,-3.77E-05,-37.6574044403754
0.100905973220417,-3.68E-05,-36.8047608148318
0.0889444259555962,-3.59E-05,-35.9398489356832
0.0772895850308995,-3.55E-05,-35.4736552986954
0.0653280377660792,-3.46E-05,-34.571938658732
0.0533664905012589,-3.42E-05,-34.246829938201
0.0414049432364385,-3.34E-05,-33.4125886930648
0.0291366896314946,-3.33E-05,-33.2653696498054
0.0174818487067979,-3.25E-05,-32.4986037994965
0.00490688876173037,-3.21E-05,-32.1305561913481
-0.00644124582284275,-3.19E-05,-31.8851911192493
-0.0187094994277867,-3.13E-05,-31.2656443121996
-0.030671046692607,-3.09E-05,-30.8914625772488
-0.0429393002975509,-3.07E-05,-30.6951705195697
-0.054287434882124,-3.06E-05,-30.5847562371252
-0.066555688487068,-3.01E-05,-30.1001602197299
-0.0788239420920119,-2.99E-05,-29.9284046692607
-0.0904787830167086,-2.99E-05,-29.8731975280385
-0.102747036621653,-3.00E-05,-30.0020141908904
-0.114401877546349,-3.02E-05,-30.2105745021744
-0.12636342481117,-3.07E-05,-30.6583657587549
-0.138631678416114,-3.12E-05,-31.2165712977798
-0.150593225680934,-3.20E-05,-31.9588006408789
-0.162554772945754,-3.30E-05,-32.9525291828794
-0.174516320210574,-3.40E-05,-34.0321355001144
-0.186477867475395,-3.55E-05,-35.4736552986954
-0.198746121080339,-3.69E-05,-36.8967727168688
-0.211014374685283,-3.82E-05,-38.1665369649805
-0.222669215609979,-3.91E-05,-39.0866559853513
-0.235244175555047,-4.03E-05,-40.2705424582284
-0.24659231013962,-4.15E-05,-41.5341725795376
-0.258860563744564,-4.22E-05,-42.1843900205997
-0.270515404669261,-4.29E-05,-42.9204852368963
-0.282476951934081,-4.36E-05,-43.644312199588
-0.295051911879149,-4.40E-05,-44.0062256809338
-0.306400046463722,-4.46E-05,-44.619638361181
-0.318054887388418,-4.46E-05,-44.5951018539712
-0.330629847333486,-4.50E-05,-45.0183566033417
-0.34289810093843,-4.51E-05,-45.0981002517739
-0.354246235523003,-4.51E-05,-45.0858319981689
-0.36682119546807,-4.53E-05,-45.2882581826505
-0.378782742732891,-4.54E-05,-45.4232089723049
-0.391050996337835,-4.55E-05,-45.4600137331197
-0.395651591439689,-4.43E-05,-44.2883955138476
-0.384303456855116,-4.26E-05,-42.5953765163653
-0.371421790569924,-4.13E-05,-41.344014648661
-0.360073655985351,-4.02E-05,-40.2092011902037
-0.347805402380407,-3.93E-05,-39.2584115358206
-0.335843855115587,-3.82E-05,-38.2462806134127
-0.324495720531014,-3.72E-05,-37.1728084229801
-0.31222746692607,-3.62E-05,-36.2404211490043
-0.30026591966125,-3.51E-05,-35.1240100709545
-0.287690959716182,-3.44E-05,-34.4308537422751
-0.276036118791485,-3.34E-05,-33.4493934538796
-0.263461158846418,-3.24E-05,-32.3820553902495
-0.251499611581598,-3.14E-05,-31.4435339894713
-0.240458183337148,-3.03E-05,-30.3332570382238
-0.227883223392081,-2.94E-05,-29.425406271458
-0.216841795147631,-2.81E-05,-28.1495078965438
-0.204266835202563,-2.72E-05,-27.1619134813458
-0.191691875257496,-2.59E-05,-25.8798809796292
-0.179730327992676,-2.48E-05,-24.8064087891966
-0.168382193408103,-2.35E-05,-23.52437628748
-0.156113939803159,-2.25E-05,-22.4999771114672
-0.143538979858091,-2.15E-05,-21.4878461890593
-0.132190845273518,-2.02E-05,-20.2119478141451
-0.120229298008698,-1.96E-05,-19.5924010070954
-0.108574457084001,-1.85E-05,-18.4575875486381
-0.096306203479057,-1.78E-05,-17.8073701075761
-0.0840379498741131,-1.69E-05,-16.8995193408103
-0.0720764026092927,-1.60E-05,-15.9548638132296
-0.0601148553444724,-1.54E-05,-15.3782558937972
-0.0478466017395285,-1.43E-05,-14.3109178301671
-0.0358850544747082,-1.34E-05,-13.3987731746395
-0.0236168008697642,-1.26E-05,-12.5541039139391
-0.0119619599450675,-1.10E-05,-10.9641382467384
-0.000307119020370794,-9.89E-06,-9.89005264362554
0.0113477219043259,-9.05E-06,-9.05090409704738
0.0236159755092698,-7.40E-06,-7.40143739986267
0.0358842291142138,-6.20E-06,-6.19914854657816
0.0478457763790341,-5.39E-06,-5.38699015793087
0.0598073236438544,-4.32E-06,-4.3214923323415
0.0720755772487983,-3.45E-06,-3.44737926298924
0.0837304181734951,-3.24E-06,-3.23820553902495
0.0956919654383154,-3.62E-06,-3.61606775005722
0.107653512703136,-3.95E-06,-3.9497642481117
0.120228472648203,-4.95E-06,-4.95330739299611
0.1318833135729,-6.37E-06,-6.37151750972762
0.144151567177844,-7.63E-06,-7.62655985351339
0.155806408102541,-8.69E-06,-8.69389791714351
0.167767955367361,-9.61E-06,-9.60726939803158
0.179729502632181,-1.03E-05,-10.2991989013504
0.191997756237125,-1.09E-05,-10.9261066605631
0.203345890821698,-1.13E-05,-11.3364797436484
0.215920850766766,-1.13E-05,-11.258576333257
0.227882398031586,-1.12E-05,-11.1880338750286
0.239843945296406,-1.12E-05,-11.1745387960632
0.251805492561227,-1.11E-05,-11.0543099107347
0.263767039826047,-1.04E-05,-10.3648340581369
0.275728587090867,-9.05E-06,-9.05335774776837
0.287996840695811,-7.64E-06,-7.6357610437171
0.299958387960632,-5.90E-06,-5.90471046005951
0.312226641565576,-3.29E-06,-3.2921858548867
0.323881482490272,9.06E-07,0.905949187457084
0.335843029755093,6.58E-06,6.57578393224994
0.347804577019913,1.35E-05,13.5312703135729
0.359766124284733,2.23E-05,22.3220874341955
0.372034377889677,3.31E-05,33.1304188601511
0.383995925154497,4.51E-05,45.1287708857862
0.395344059739071,5.68E-05,56.8020141908904
0.407919019684138,6.83E-05,68.2912336919203
0.419573860608835,7.75E-05,77.5292286564431
0.432148820553902,8.34E-05,83.350514991989
0.443496955138476,8.59E-05,85.9207141222248
0.455458502403296,8.45E-05,84.5037308308537
0.46772675600824,8.09E-05,80.8661936369879
0.479074890592813,7.55E-05,75.5049668116274
0.491956556878004,7.00E-05,69.9597161821927
0.503918104142824,6.48E-05,64.764110780499
0.515572945067521,6.01E-05,60.1451132982376
0.527841198672465,5.61E-05,56.0904554818036
0.539496039597162,5.25E-05,52.4529182879377
0.551457586861982,4.96E-05,49.5944151979858
0.563419134126802,4.72E-05,47.1653009842069
0.575687387731746,4.48E-05,44.7913939116503
0.58795564133669,4.27E-05,42.6873884184024
0.599917188601511,4.12E-05,41.1722590981918
0.611572029526207,3.98E-05,39.7920805676356
0.623840283131151,3.85E-05,38.497779812314
0.635495124055848,3.72E-05,37.2341496910048
0.647456671320668,3.61E-05,36.1177386129549
0.659418218585489,3.51E-05,35.0994735637446
0.671993178530556,3.41E-05,34.1425497825589
0.683954725795376,3.33E-05,33.2653696498054
0.695302860379949,3.25E-05,32.4986037994965
0.707571113984893,3.19E-05,31.8974593728542
0.719532661249714,3.12E-05,31.16749828336
0.731187502174411,3.06E-05,30.5786221103227
0.743762462119478,3.00E-05,30.0449530785077
0.755724009384298,2.94E-05,29.4192721446555
0.767685556649119,2.87E-05,28.7199816891737
0.779953810254063,2.85E-05,28.4746166170748
0.791608651178759,2.85E-05,28.5175555046921
0.79590253994049,2.33E-05,23.3280842298009
0.784554405355917,2.06E-05,20.6290684367132
0.772592858091096,1.99E-05,19.8684367132067
0.760324604486152,1.88E-05,18.807232776379
0.748669763561456,1.83E-05,18.2674296177615
0.735788097276264,1.74E-05,17.4209201190204
0.723519843671321,1.70E-05,16.960860608835
0.711865002746624,1.62E-05,16.194094758526
0.700210161821927,1.59E-05,15.9057907988098
0.68855532089723,1.52E-05,15.2187685969329
0.676287067292286,1.46E-05,14.6298924238956
0.664325520027466,1.44E-05,14.3661249713893
0.652670679102769,1.38E-05,13.844110780499
0.640402425497825,1.32E-05,13.1534081025406
0.628134171892882,1.32E-05,13.1534081025406
0.616172624628061,1.30E-05,12.9546623941405
0.603904371023117,1.24E-05,12.3547447928588
0.592249530098421,1.18E-05,11.81187457084
0.5802879828336,1.17E-05,11.7094346532387
0.568633141908904,1.16E-05,11.5763241016251
0.55636488830396,1.12E-05,11.2003021286336
0.545016753719387,1.06E-05,10.608358892195
0.532135087434195,9.80E-06,9.80356145571069
0.519560127489128,8.71E-06,8.71107347219043
0.508518699244678,7.57E-06,7.56889906157015
0.496250445639734,5.78E-06,5.77712062256809
0.484288898374914,3.33E-06,3.32899061570153
0.472327351110094,1.79E-08,0.0179116502632181
0.460365803845273,-5.02E-06,-5.0195559624628
0.448404256580453,-1.15E-05,-11.4861524376287
0.436442709315633,-1.95E-05,-19.4574502174411
0.423867749370565,-2.93E-05,-29.3149919890135
0.411906202105745,-4.05E-05,-40.5404440375372
0.400558067521172,-5.23E-05,-52.287296864271
0.388596520256352,-6.35E-05,-63.5372854200046
0.376634972991531,-7.34E-05,-73.4009613183795
0.364366719386587,-8.06E-05,-80.6392309452964
0.35179175944152,-8.44E-05,-84.4301213092241
0.340136918516823,-8.50E-05,-85.0312657358663
0.328175371252003,-8.28E-05,-82.804577706569
0.316520530327306,-7.87E-05,-78.6947127489128
0.304558983062486,-7.41E-05,-74.0818493934539
0.292290729457542,-6.93E-05,-69.2542915999084
0.280635888532845,-6.49E-05,-64.8990615701533
0.268674341268025,-6.08E-05,-60.8444037537194
0.256406087663081,-5.74E-05,-57.3847562371252
0.24444454039826,-5.43E-05,-54.2563515678645
0.23248299313344,-5.15E-05,-51.5327992675669
0.22052144586862,-4.93E-05,-49.3122453650721
0.208253192263676,-4.75E-05,-47.4965438315404
0.196598351338979,-4.58E-05,-45.828061341268
0.184636804074159,-4.42E-05,-44.1534447241932
0.172675256809338,-4.26E-05,-42.6444495307851
0.159793590524147,-4.15E-05,-41.4850995651179
0.148445455939574,-4.05E-05,-40.5281757839322
0.13617720233463,-3.95E-05,-39.5467154955367
0.124522361409934,-3.85E-05,-38.5407186999313
0.11225410780499,-3.77E-05,-37.6574044403754
0.100599266880293,-3.68E-05,-36.7679560540169
0.0880243069352254,-3.60E-05,-36.0073243305104
0.0766761723506523,-3.55E-05,-35.4552529182879
0.064714625085832,-3.49E-05,-34.8541084916457
0.0527530778210117,-3.44E-05,-34.351110093843
0.0404848242160678,-3.39E-05,-33.8971847104601
0.0285232769512474,-3.33E-05,-33.2715037766079
0.0165617296864271,-3.28E-05,-32.8482490272374
0.00521359510185397,-3.24E-05,-32.4127260242618
-0.00736136484321355,-3.19E-05,-31.9158617532616
-0.0190162057679103,-3.15E-05,-31.5110093842985
-0.0315911657129778,-3.12E-05,-31.1613641565576
-0.0435527129777981,-3.09E-05,-30.8914625772488
-0.055820966582742,-3.06E-05,-30.62156099794
-0.0674758075074388,-3.05E-05,-30.4682078278782
-0.0791306484321355,-3.04E-05,-30.3516594186313
-0.0923190210574502,-3.02E-05,-30.2228427557794
-0.1033604493019,-3.03E-05,-30.2535133897917
-0.115628702906844,-3.05E-05,-30.5295490959029
-0.12728354383154,-3.10E-05,-31.0386816205081
-0.140165210116731,-3.18E-05,-31.7870450904097
-0.151513344701305,-3.24E-05,-32.3943236438544
-0.163474891966125,-3.34E-05,-33.3573815518425
-0.175436439230945,-3.47E-05,-34.7007553215839
-0.187704692835889,-3.59E-05,-35.9153124284733
-0.19966624010071,-3.70E-05,-37.0317235065232
-0.211321081025406,-3.84E-05,-38.4057679102769
-0.223282628290227,-3.97E-05,-39.706202792401
-0.235244175555047,-4.05E-05,-40.5097734035248
-0.247512429159991,-4.17E-05,-41.6752574959945
-0.259780682764935,-4.26E-05,-42.6321812771801
-0.271435523689631,-4.31E-05,-43.1474479285878
-0.283090364614328,-4.38E-05,-43.8037994964523
-0.295358618219272,-4.44E-05,-44.3804074158846
-0.307626871824216,-4.45E-05,-44.5460288395514
-0.318975006408789,-4.51E-05,-45.1042343785763
-0.33185667269398,-4.50E-05,-44.9631494621195
-0.343511513618677,-4.53E-05,-45.294392309453
-0.355473060883497,-4.53E-05,-45.3005264362554
-0.367434608148318,-4.54E-05,-45.4354772259098
-0.379702861753262,-4.53E-05,-45.3495994506752
-0.391357702677958,-4.57E-05,-45.6563057907988
-0.395344885099565,-4.41E-05,-44.1473105973907
-0.383076631494621,-4.27E-05,-42.7303273060197
-0.371115084229801,-4.13E-05,-41.3378805218585
-0.359153536964981,-4.02E-05,-40.2153353170062
-0.347805402380407,-3.93E-05,-39.276813916228
-0.334923736095216,-3.81E-05,-38.056122682536
-0.32326889517052,-3.74E-05,-37.3568322270542
-0.311614054245823,-3.62E-05,-36.1790798809796
-0.299039094300755,-3.55E-05,-35.5288624399176
-0.287690959716182,-3.45E-05,-34.455390249485
-0.274809293430991,-3.35E-05,-33.4616617074846
-0.263461158846418,-3.26E-05,-32.5538109407187
-0.25088619890135,-3.14E-05,-31.400595101854
-0.239231357976654,-3.06E-05,-30.5786221103227
-0.227269810711833,-2.95E-05,-29.4990157930877
-0.215001557106889,-2.82E-05,-28.1863126573587
-0.203346716182193,-2.73E-05,-27.2723277637903
-0.191385168917372,-2.62E-05,-26.1559166857404
-0.179116915312428,-2.48E-05,-24.7512016479744
-0.167155368047608,-2.38E-05,-23.849485008011
-0.154887114442664,-2.27E-05,-22.7269398031586
-0.143232273517967,-2.15E-05,-21.5123826962692
-0.131270726253147,-2.06E-05,-20.6352025635157
-0.11869576630808,-1.98E-05,-19.7641565575647
-0.107961044403754,-1.87E-05,-18.7336232547494
-0.0950793781185626,-1.79E-05,-17.9055161364157
-0.0831178308537423,-1.72E-05,-17.2246280613413
-0.0711562835889219,-1.64E-05,-16.3535820553902
-0.0595014426642252,-1.55E-05,-15.5070725566491
-0.0472331890592813,-1.47E-05,-14.6850995651179
-0.035271641794461,-1.36E-05,-13.563781185626
-0.0230033881895171,-1.25E-05,-12.5436758983749
-0.0113485472648203,-1.17E-05,-11.6726298924239
0.000613,-1.05E-05,-10.4973311970703
0.0125745472648203,-9.02E-06,-9.02452735179675
0.0245360945296406,-7.70E-06,-7.69710231174182
0.036497641794461,-6.70E-06,-6.69969329365987
0.0484591890592813,-5.64E-06,-5.63971618219272
0.0607274426642252,-4.63E-06,-4.63494621194781
0.0733024026092927,-3.76E-06,-3.76205996795605
0.0846505371938659,-3.37E-06,-3.36579537651636
0.0963053781185626,-3.65E-06,-3.64857862211032
0.108573631723507,-4.30E-06,-4.30186312657359
0.120535178988327,-5.38E-06,-5.38024261844816
0.132496726253147,-6.60E-06,-6.60032043945983
0.144764979858091,-7.80E-06,-7.80199588006409
0.156726527122911,-8.74E-06,-8.73622339208057
0.168381368047608,-9.74E-06,-9.73731288624399
0.180649621652552,-1.06E-05,-10.5807553215839
0.192304462577249,-1.11E-05,-11.1168780041199
0.204266009842069,-1.13E-05,-11.3334126802472
0.216840969787137,-1.15E-05,-11.4524147402151
0.229109223392081,-1.15E-05,-11.5217303730831
0.240764064316777,-1.16E-05,-11.5511741817349
0.252725611581598,-1.10E-05,-11.0236392767224
0.264687158846418,-1.01E-05,-10.1427786678874
0.276648706111238,-9.31E-06,-9.31405813687343
0.288303547035935,-8.24E-06,-8.23506523231861
0.300571800640879,-6.04E-06,-6.04027466239414
0.312840054245823,-2.97E-06,-2.96769054703593
0.324494895170519,9.19E-07,0.918524147402151
0.33645644243534,6.26E-06,6.25987640192264
0.348724696040284,1.37E-05,13.7441245136187
0.36037953696498,2.27E-05,22.6778667887388
0.372647790569924,3.35E-05,33.4984664682994
0.384916044174868,4.52E-05,45.165575646601
0.396570885099565,5.75E-05,57.4829022659647
0.408532432364385,6.86E-05,68.5795376516365
0.420187273289082,7.77E-05,77.6825818265049
0.43276223323415,8.37E-05,83.7308308537423
0.444417074158846,8.58E-05,85.8471046005951
0.45668532776379,8.47E-05,84.7368276493477
0.468340168688487,8.07E-05,80.6576333257038
0.480608422293431,7.53E-05,75.3209430075532
0.492263263218128,7.01E-05,70.0762645914397
0.504838223163195,6.46E-05,64.5616845960174
0.516799770428016,6.00E-05,60.046967269398
0.528761317692836,5.59E-05,55.9309681849393
0.540722864957656,5.23E-05,52.3118333714809
0.552377705882353,4.95E-05,49.5208056763561
0.564645959487297,4.71E-05,47.0916914625772
0.576914213092241,4.46E-05,44.619638361181
0.588569054016937,4.27E-05,42.7364614328222
0.600837307621881,4.11E-05,41.1170519569696
0.612492148546578,3.97E-05,39.7246051728084
0.624760402151522,3.83E-05,38.3321583886473
0.636721949416342,3.70E-05,37.0194552529183
0.648376790341039,3.59E-05,35.9153124284733
0.660645043945983,3.49E-05,34.8786449988556
0.671993178530556,3.40E-05,33.9891966124971
0.684568138475624,3.32E-05,33.1856260013733
0.69622297940032,3.24E-05,32.4433966582742
0.708491233005264,3.17E-05,31.6643625543603
0.720452780270085,3.10E-05,31.0448157473106
0.732414327534905,3.06E-05,30.5540856031128
0.744989287479972,2.99E-05,29.854795147631
0.756337422064546,2.93E-05,29.2659189745937
0.768912382009613,2.86E-05,28.6279697871366
0.780260516594186,2.86E-05,28.5850308995193
0.79252877019913,2.82E-05,28.1863126573587
0.794982420920119,2.29E-05,22.9293659876402
0.783327579995422,2.06E-05,20.5799954222934
0.771672739070725,1.94E-05,19.353170061799
0.759711191805905,1.88E-05,18.7704280155642
0.747749644541085,1.79E-05,17.8809796292058
0.735788097276264,1.73E-05,17.285969329366
0.723213137331197,1.67E-05,16.740032043946
0.7115582964065,1.60E-05,15.9916685740444
0.699290042801556,1.54E-05,15.415060654612
0.687328495536736,1.51E-05,15.0654154268711
0.675366948271916,1.45E-05,14.5010757610437
0.663098694666972,1.39E-05,13.9306019684138
0.651443853742275,1.37E-05,13.7054795147631
0.639789012817578,1.34E-05,13.4306706340124
0.627827465552758,1.29E-05,12.8503822384985
0.61525250560769,1.24E-05,12.3633325703822
0.603597664682994,1.21E-05,12.0977248798352
0.591636117418173,1.17E-05,11.7456260013733
0.579674570153353,1.15E-05,11.48921950103
0.567713022888533,1.13E-05,11.2548958571756
0.555444769283589,1.08E-05,10.7942229343099
0.543789928358892,1.04E-05,10.4243350881208
0.531521674753948,9.61E-06,9.61463035019455
0.519253421149004,8.67E-06,8.66997482261387
0.507598580224307,7.50E-06,7.49712977798123
0.49502362027924,5.67E-06,5.67161364156557
0.483675485694667,3.01E-06,3.00572213321126
0.471713938429847,-6.24E-07,-0.623779354543374
0.459752391165026,-5.74E-06,-5.74154268711376
0.447484137560082,-1.23E-05,-12.2719340810254
0.435522590295262,-2.07E-05,-20.6536049439231
0.423867749370565,-3.07E-05,-30.7135728999771
0.411599495765621,-4.20E-05,-41.9819638361181
0.399331242160677,-5.36E-05,-53.6306706340124
0.387676401235981,-6.49E-05,-64.8622568093385
0.37571485397116,-7.47E-05,-74.707530327306
0.363446600366216,-8.15E-05,-81.49187457084
0.35179175944152,-8.51E-05,-85.0619363698787
0.339216799496452,-8.54E-05,-85.3625085831998
0.327868664911879,-8.30E-05,-83.0008697642481
0.315293704966812,-7.87E-05,-78.6517738612955
0.303332157701991,-7.41E-05,-74.1063859006638
0.291370610437171,-6.91E-05,-69.0825360494392
0.279409063172351,-6.48E-05,-64.7702449073014
0.267754222247654,-6.07E-05,-60.7339894712749
0.255792674982834,-5.74E-05,-57.42156099794
0.243831127718013,-5.42E-05,-54.2011444266422
0.230949461432822,-5.20E-05,-51.9560540169375
0.219601326848249,-4.94E-05,-49.3735866330968
0.207333073243305,-4.76E-05,-47.6437628747997
0.195064819638361,-4.60E-05,-45.9691462577249
0.184023391393912,-4.42E-05,-44.2270542458228
0.171448431448844,-4.29E-05,-42.9450217441062
0.1591801778439,-4.18E-05,-41.8408789196612
0.148138749599451,-4.06E-05,-40.5833829251545
0.135563789654383,-3.94E-05,-39.4056305790799
0.123602242389563,-3.88E-05,-38.7922178988327
0.111640695124742,-3.79E-05,-37.8843671320668
0.0993724415197986,-3.70E-05,-37.0378576333257
0.0880243069352254,-3.63E-05,-36.2710917830167
0.0757560533302815,-3.55E-05,-35.5288624399176
0.0637945060654612,-3.51E-05,-35.0933394369421
0.0512195461203937,-3.45E-05,-34.5228656443122
0.0398714115358206,-3.40E-05,-33.9769283588922
0.0276031579308766,-3.35E-05,-33.4616617074846
0.0159483170061799,-3.30E-05,-33.0138704509041
0.00368006340123598,-3.26E-05,-32.5722133211261
-0.00858819020370794,-3.21E-05,-32.1489585717555
-0.0202430311284047,-3.18E-05,-31.7809109636072
-0.0328179910734722,-3.14E-05,-31.3944609750515
-0.0444728319981689,-3.12E-05,-31.16749828336
-0.0561276729228656,-3.09E-05,-30.9098649576562
-0.0683959265278096,-3.08E-05,-30.7749141680018
-0.0803574737926299,-3.05E-05,-30.4682078278782
-0.0926257273975738,-3.02E-05,-30.2105745021744
-0.104587274662394,-3.05E-05,-30.4804760814832
-0.116242115587091,-3.10E-05,-30.9896086060883
-0.128510369192035,-3.12E-05,-31.1981689173724
-0.140165210116731,-3.18E-05,-31.7931792172122
-0.152126757381552,-3.29E-05,-32.8543831540398
-0.164701717326619,-3.36E-05,-33.6272831311513
-0.17666326459144,-3.48E-05,-34.8418402380407
-0.188318105516136,-3.61E-05,-36.0563973449302
-0.200279652780957,-3.73E-05,-37.2954909590295
-0.212854612726024,-3.86E-05,-38.6020599679561
-0.224509453650721,-3.97E-05,-39.7184710460059
-0.236164294575418,-4.07E-05,-40.6999313344015
-0.248432548180362,-4.17E-05,-41.6936598764019
-0.260087389105058,-4.25E-05,-42.4972304875257
-0.272355642710002,-4.32E-05,-43.214923323415
-0.284010483634699,-4.39E-05,-43.9264820325017
-0.296278737239643,-4.42E-05,-44.1534447241932
-0.30793357816434,-4.47E-05,-44.6809796292058
-0.320201831769284,-4.48E-05,-44.8159304188602
-0.332470085374228,-4.49E-05,-44.8711375600824
-0.344431632639048,-4.50E-05,-44.9938200961318
-0.356086473563745,-4.53E-05,-45.2575875486381
-0.368354727168688,-4.54E-05,-45.3618677042801
-0.380622980773632,-4.52E-05,-45.2207827878233
-0.392277821698329,-4.54E-05,-45.398672465095
-0.394731472419318,-4.41E-05,-44.1043717097734
-0.38215651247425,-4.24E-05,-42.4113527122911
-0.370501671549554,-4.11E-05,-41.0557106889448
-0.35823341794461,-4.00E-05,-39.9515678644999
-0.346271870679789,-3.91E-05,-39.0866559853513
-0.334923736095216,-3.82E-05,-38.1604028381781
-0.322348776150149,-3.70E-05,-37.0317235065232
-0.310080522545205,-3.61E-05,-36.0870679789425
-0.298118975280385,-3.52E-05,-35.2405584802014
-0.286464134355688,-3.43E-05,-34.3204394598306
-0.274502587090867,-3.34E-05,-33.4371252002747
-0.262847746166171,-3.23E-05,-32.3452506294346
-0.250579492561227,-3.13E-05,-31.3024490730144
-0.238617945296406,-3.02E-05,-30.2412451361868
-0.226349691691463,-2.93E-05,-29.2781872281987
-0.215001557106889,-2.82E-05,-28.1740444037537
-0.202119890821698,-2.71E-05,-27.0821698329137
-0.190158343556878,-2.61E-05,-26.0761730373083
-0.178503502632181,-2.49E-05,-24.941359578851
-0.166541955367361,-2.38E-05,-23.8065461203937
-0.154273701762417,-2.25E-05,-22.5306477454795
-0.14261886083772,-2.15E-05,-21.549187457084
-0.130350607232776,-2.05E-05,-20.5431906614786
-0.11869576630808,-1.97E-05,-19.6660105287251
-0.106734219043259,-1.87E-05,-18.7274891279469
-0.094772671778439,-1.79E-05,-17.948455024033
-0.0828111245136187,-1.72E-05,-17.1571526665141
-0.0708495772487983,-1.63E-05,-16.2738384069581
-0.0585813236438544,-1.54E-05,-15.3659876401923
-0.0460063636987869,-1.44E-05,-14.439734493019
-0.0343515227740902,-1.35E-05,-13.4907850766766
-0.0223899755092699,-1.26E-05,-12.6056305790799
-0.0104284282444495,-1.17E-05,-11.6873517967498
0.0012264126802472,-1.05E-05,-10.508986037995
0.0134946662851911,-9.08E-06,-9.08218814373998
0.025762919890135,-7.61E-06,-7.60570382238498
0.0377244671549554,-6.57E-06,-6.57210345616846
0.0496860144197757,-5.64E-06,-5.63787594415198
0.061647561684596,-4.62E-06,-4.62329137102312
0.0733024026092927,-3.50E-06,-3.5001327534905
0.0858773625543603,-3.29E-06,-3.28789196612497
0.097532203479057,-3.57E-06,-3.57374227512016
0.109493750743877,-4.11E-06,-4.10618448157473
0.121762004348821,-5.15E-06,-5.15450675211719
0.133110138933394,-6.48E-06,-6.48070496681163
0.145378392538338,-7.49E-06,-7.49467612726024
0.157339939803159,-8.66E-06,-8.65709315632868
0.169608193408103,-9.81E-06,-9.80662851911192
0.181876447013046,-1.01E-05,-10.0771435111009
0.193531287937743,-1.10E-05,-10.983154039826
0.205492835202563,-1.08E-05,-10.8457495994507
0.21714767612726,-1.14E-05,-11.382485694667
0.229722636072328,-1.13E-05,-11.2524422064546
0.241684183337148,-1.12E-05,-11.1585900663767
0.253645730601968,-1.05E-05,-10.4869031815061
0.265300571526665,-1.03E-05,-10.3182146944381
0.276955412451362,-8.91E-06,-8.91288624399176
0.289837078736553,-7.74E-06,-7.7449485008011
0.30149191966125,-5.53E-06,-5.52746166170748
0.313146760585946,-2.91E-06,-2.9088029297322
0.325721720531014,1.28E-06,1.27957885099565
0.337683267795834,6.98E-06,6.98308995193408
0.349644815060655,1.41E-05,14.1354818036164
0.360992949645228,2.36E-05,23.5550469214923
0.373874615930419,3.40E-05,33.9769283588922
0.385222750514992,4.61E-05,46.0550240329595
0.397797710460059,5.79E-05,57.9061570153353
0.409145845044633,6.93E-05,69.2910963607233
0.4217208049897,7.84E-05,78.3757381551843
0.433375645914397,8.41E-05,84.1050125886931
0.445643899519341,8.63E-05,86.3378347447928
0.457298740444037,8.50E-05,84.9576562142367
0.468953581368734,8.10E-05,80.9766079194324
0.481528541313802,7.57E-05,75.6644541084916
0.493183382238498,7.02E-05,70.1989471274891
0.505144929503319,6.48E-05,64.8377203021286
0.517413183108263,6.04E-05,60.3904783703365
0.529374730373083,5.64E-05,56.3787594415198
0.54102957129778,5.30E-05,52.9865873197528
0.553604531242847,5.00E-05,49.9747310597391
0.565259372167544,4.74E-05,47.3983978027008
0.577527625772488,4.51E-05,45.0919661249714
0.589489173037308,4.33E-05,43.319203479057
0.601144013962005,4.14E-05,41.4114900434882
0.613105561226825,4.00E-05,40.0497138933394
0.625373814831769,3.86E-05,38.6204623483635
0.637642068436713,3.76E-05,37.6083314259556
0.64929690936141,3.64E-05,36.430579079881
0.661871869306477,3.56E-05,35.6086060883497
0.673526710231174,3.47E-05,34.7130235751888
0.685488257495994,3.37E-05,33.7315632867933
0.697756511100938,3.30E-05,33.0200045777066
0.709104645685511,3.22E-05,32.2225680933852
0.721066192950332,3.15E-05,31.4803387502861
0.733027740215152,3.10E-05,31.0264133669032
0.745295993820096,3.01E-05,30.1492332341497
0.756950834744793,2.99E-05,29.8854657816434
0.769219088349737,2.94E-05,29.3947356374456
0.781180635614557,2.89E-05,28.9101396200504
0.793142182879377,2.86E-05,28.6218356603342
0.794675714579995,2.33E-05,23.2606088349737
0.782407460975051,2.11E-05,21.0891279468986
0.770445913710231,2.00E-05,19.9727168688487
0.758484366445411,1.91E-05,19.0955367360952
0.74652281918059,1.83E-05,18.3410391393912
0.73456127191577,1.77E-05,17.7398947127489
0.722293018310826,1.70E-05,16.9669947356374
0.710638177386129,1.63E-05,16.3106431677729
0.698063217441062,1.57E-05,15.7217669947356
0.686715082856489,1.52E-05,15.206500343328
0.674446829251545,1.47E-05,14.6973678187228
0.662485281986725,1.42E-05,14.1821011673152
0.650830441062028,1.39E-05,13.8514717326619
0.638562187457084,1.36E-05,13.6410711833371
0.626907346532387,1.32E-05,13.2135225452048
0.614945799267567,1.29E-05,12.8779858091096
0.602677545662623,1.24E-05,12.4283543144884
0.590409292057679,1.19E-05,11.9008194094759
0.578447744792859,1.16E-05,11.5573083085374
0.566792903868162,1.13E-05,11.310716411078
0.554831356603342,1.07E-05,10.7107988097963
0.542563102998398,1.03E-05,10.3059464408331
0.530294849393454,9.46E-06,9.46311741817349
0.518640008468757,8.46E-06,8.45896086060883
0.50606504852369,7.14E-06,7.14135042343786
0.494410207598993,5.30E-06,5.29620508125429
0.482755366674296,2.62E-06,2.62356603341726
0.470487113069352,-9.61E-07,-0.961340352483406
0.459138978484779,-6.21E-06,-6.2126436255436
0.446870724879835,-1.29E-05,-12.85406271458
0.434602471274891,-2.14E-05,-21.444907301442
0.422640924010071,-3.17E-05,-31.6950331883726
0.410986083085374,-4.31E-05,-43.1167772945754
0.398104416800183,-5.50E-05,-54.9924467841611
0.387062988555734,-6.60E-05,-66.0277409018082
0.37479473495079,-7.52E-05,-75.2289311055161
0.362833187685969,-8.21E-05,-82.0562142366674
0.350871640421149,-8.55E-05,-85.4790569924468
0.339216799496452,-8.52E-05,-85.1968871595331
0.326948545891508,-8.24E-05,-82.4181277180133
0.314680292286564,-7.83E-05,-78.3021286335546
0.302718745021744,-7.35E-05,-73.4745708400091
0.290757197756924,-6.86E-05,-68.585671778439
0.278795650492103,-6.41E-05,-64.0893568322271
0.266834103227283,-6.03E-05,-60.3352712291142
0.254872555962463,-5.70E-05,-57.0105745021744
0.242911008697642,-5.41E-05,-54.1152666514076
0.230642755092699,-5.16E-05,-51.5634699015793
0.218681207827878,-4.92E-05,-49.1834287022202
0.206412954222934,-4.73E-05,-47.3247882810712
0.194451406958114,-4.54E-05,-45.4232089723049
0.182489859693294,-4.40E-05,-44.0491645685512
0.170835018768597,-4.27E-05,-42.6505836575875
0.159486884184024,-4.14E-05,-41.4360265506981
0.146605217898833,-4.04E-05,-40.4054932478828
0.134950376974136,-3.94E-05,-39.368825818265
0.122988829709316,-3.86E-05,-38.5652552071412
0.110720576104372,-3.77E-05,-37.7494163424125
0.0987590288395514,-3.70E-05,-36.964248111696
0.0874108942549783,-3.62E-05,-36.2158846417945
0.0748359343099107,-3.55E-05,-35.5043259327077
0.0628743870450904,-3.48E-05,-34.8479743648432
0.0509128397802701,-3.42E-05,-34.2100251773861
0.0392579988555734,-3.38E-05,-33.7806363012131
0.0266830389105058,-3.32E-05,-33.2408331425956
0.0144147853055619,-3.28E-05,-32.7930418860151
0.00275994438086519,-3.23E-05,-32.3452506294346
-0.00889489654383154,-3.18E-05,-31.8422522316319
-0.0217765628290227,-3.13E-05,-31.3208514534218
-0.0331246974135958,-3.11E-05,-31.0509498741131
-0.0453929510185397,-3.08E-05,-30.842389562829
-0.0579679109636072,-3.07E-05,-30.6706340123598
-0.0693160455481804,-3.06E-05,-30.62156099794
-0.0812775928130007,-3.04E-05,-30.3945983062486
-0.093239140077821,-3.03E-05,-30.2657816433967
-0.105200687342641,-3.04E-05,-30.3700617990387
-0.117162234607462,-3.08E-05,-30.7810482948043
-0.129737194552529,-3.12E-05,-31.2165712977798
-0.141085329137102,-3.18E-05,-31.7563744563973
-0.153046876401923,-3.27E-05,-32.6764934767681
-0.165315130006867,-3.38E-05,-33.8481116960403
-0.17758338361181,-3.47E-05,-34.7252918287938
-0.189238224536507,-3.61E-05,-36.1238727397574
-0.201199771801328,-3.74E-05,-37.3506981002518
-0.213161319066148,-3.85E-05,-38.497779812314
-0.225122866330968,-3.99E-05,-39.8779583428702
-0.237084413595788,-4.08E-05,-40.7735408560311
-0.249045960860609,-4.18E-05,-41.7611352712291
-0.261620920805676,-4.24E-05,-42.3868162050812
-0.272969055390249,-4.32E-05,-43.1535820553902
-0.285237308995193,-4.37E-05,-43.6995193408102
-0.29689214991989,-4.41E-05,-44.1105058365759
-0.309160403524834,-4.45E-05,-44.4846875715267
-0.321121950789654,-4.45E-05,-44.5030899519341
-0.333083498054475,-4.48E-05,-44.8343327992676
-0.345351751659419,-4.51E-05,-45.1042343785763
-0.357313298924239,-4.50E-05,-45.0183566033417
-0.369274846189059,-4.49E-05,-44.9447470817121
-0.380929687113756,-4.52E-05,-45.2085145342184
-0.3931979407187,-4.53E-05,-45.2698558022431
-0.3931979407187,-4.37E-05,-43.6933852140078
-0.38123639345388,-4.21E-05,-42.0678416113527
-0.369581552529183,-4.08E-05,-40.8287479972534
-0.357620005264363,-3.97E-05,-39.706202792401
-0.345965164339666,-3.86E-05,-38.6327306019684
-0.334003617074845,-3.79E-05,-37.8720988784619
-0.321428657129778,-3.69E-05,-36.9213092240787
-0.309467109864958,-3.61E-05,-36.0747997253376
-0.297812268940261,-3.50E-05,-35.001327534905
-0.285850721675441,-3.40E-05,-34.0075989929046
-0.273582468070497,-3.31E-05,-33.1365529869535
-0.261314214465553,-3.23E-05,-32.2655069810025
-0.249352667200732,-3.11E-05,-31.1429617761501
-0.238004532616159,-3.03E-05,-30.2535133897917
-0.225429572671092,-2.90E-05,-29.0205539024948
-0.213774731746395,-2.82E-05,-28.2108491645685
-0.202119890821698,-2.70E-05,-26.9533531700618
-0.189851637216754,-2.57E-05,-25.70812542916
-0.17758338361181,-2.46E-05,-24.5549095902953
-0.165315130006867,-2.35E-05,-23.4998397802701
-0.153353582742046,-2.24E-05,-22.4018310826276
-0.142005448157473,-2.12E-05,-21.211810482948
-0.129737194552529,-2.05E-05,-20.4879835202564
-0.118082353627832,-1.97E-05,-19.6660105287251
-0.105507393682765,-1.87E-05,-18.6845502403296
-0.0935458464179446,-1.78E-05,-17.831906614786
-0.0818910054932479,-1.70E-05,-16.9792629892424
-0.0696227518883039,-1.63E-05,-16.3045090409705
-0.05735449828336,-1.54E-05,-15.3537193865873
-0.0456996573586633,-1.46E-05,-14.6421606775006
-0.033738110093843,-1.37E-05,-13.6852368963149
-0.0214698564888991,-1.27E-05,-12.6559304188601
-0.00889489654383154,-1.16E-05,-11.5726436255436
0.00214653170061799,-1.04E-05,-10.4341496910048
0.0144147853055619,-9.16E-06,-9.15947814145113
0.0266830389105058,-7.94E-06,-7.93633325703822
0.0383378798352026,-6.65E-06,-6.64816662851911
0.0502994271000229,-5.56E-06,-5.56426642252232
0.0619542680247196,-4.40E-06,-4.40062256809338
0.0742225216296635,-3.95E-06,-3.94792401007095
0.0861840688944839,-3.52E-06,-3.51853513389792
0.0984523224994278,-3.33E-06,-3.33389791714351
0.110107163424124,-3.79E-06,-3.78720988784619
0.122375417029068,-4.99E-06,-4.98581826504921
0.134643670634012,-6.18E-06,-6.18381322957198
0.146298511558709,-7.48E-06,-7.48363469901579
0.158260058823529,-8.84E-06,-8.84357061112382
0.17022160608835,-9.50E-06,-9.49746852826734
0.18218315335317,-1.01E-05,-10.0967727168688
0.19414470061799,-1.09E-05,-10.883781185626
0.206106247882811,-1.09E-05,-10.8653788052186
0.218374501487755,-1.12E-05,-11.1524559395743
0.230029342412451,-1.13E-05,-11.2990615701534
0.242297596017395,-1.10E-05,-10.9708857862211
0.254259143282216,-1.04E-05,-10.3856900892653
0.265913984206912,-9.68E-06,-9.68394598306248
0.278182237811856,-8.68E-06,-8.67794918745708
0.290143785076676,-7.43E-06,-7.43394827191577
0.301798626001373,-5.59E-06,-5.59125658045319
0.314066879606317,-2.51E-06,-2.50517738612955
0.326028426871137,1.49E-06,1.49010208285649
0.338296680476081,7.00E-06,6.99535820553902
0.349951521400778,1.47E-05,14.7255848020142
0.362833187685969,2.37E-05,23.7145342183566
0.374488028610666,3.45E-05,34.5474021515221
0.386449575875486,4.67E-05,46.6807049668116
0.398411123140307,5.87E-05,58.734264133669
0.410065964065003,6.98E-05,69.7879606317235
0.422334217669947,7.89E-05,78.9032730601968
0.433989058594644,8.47E-05,84.663218127718
0.445643899519341,8.68E-05,86.8162966353857
0.458218859464408,8.51E-05,85.0680704966812
0.470180406729229,8.10E-05,81.0011444266422
0.482141953994049,7.59E-05,75.8791485465782
0.494410207598993,7.01E-05,70.1437399862669
0.50606504852369,6.49E-05,64.9481345845731
0.51802659578851,6.05E-05,60.488624399176
0.52998814305333,5.64E-05,56.4155642023346
0.542256396658274,5.28E-05,52.8455024032959
0.554217943923094,5.00E-05,49.9808651865415
0.566179491187915,4.73E-05,47.3309224078737
0.578141038452735,4.49E-05,44.9447470817121
0.590409292057679,4.33E-05,43.306935225452
0.602370839322499,4.16E-05,41.5832455939574
0.613718973907072,4.02E-05,40.2337376974136
0.62629393385214,3.88E-05,38.7799496452277
0.637948774776837,3.76E-05,37.5776607919432
0.650830441062028,3.65E-05,36.4673838406958
0.662178575646601,3.54E-05,35.3939116502632
0.673526710231174,3.44E-05,34.4431219958801
0.686101670176242,3.38E-05,33.7622339208057
0.698063217441062,3.29E-05,32.9095902952621
0.710024764705882,3.22E-05,32.1796292057679
0.722293018310826,3.15E-05,31.4619363698787
0.734254565575647,3.09E-05,30.8791943236439
0.746216112840467,3.04E-05,30.3700617990387
0.758177660105287,2.98E-05,29.7811856260014
0.769832501029984,2.94E-05,29.3517967498283
0.782100754634928,2.91E-05,29.0573586633097
0.794062301899748,2.88E-05,28.8119935912108
0.793448889219501,2.30E-05,22.9723048752575
0.781794048294804,2.07E-05,20.7456168459602
0.769832501029984,1.96E-05,19.6108033875029
0.75756424742504,1.90E-05,19.0035248340581
0.74560270016022,1.82E-05,18.2183566033417
0.733947859235523,1.74E-05,17.4147859922179
0.721372899290455,1.67E-05,16.7154955367361
0.709411352025635,1.62E-05,16.1879606317235
0.697756511100938,1.56E-05,15.635889219501
0.686101670176242,1.50E-05,14.9550011444266
0.673526710231174,1.46E-05,14.5869535362783
0.661871869306477,1.41E-05,14.1078782330053
0.649910322041657,1.35E-05,13.5404715037766
0.637642068436713,1.32E-05,13.1957335774777
0.625987227512016,1.29E-05,12.9411673151751
0.613718973907072,1.23E-05,12.3289814602884
0.601757426642252,1.24E-05,12.3614923323415
0.590102585717555,1.17E-05,11.7437857633326
0.577527625772488,1.14E-05,11.3665369649805
0.565872784847791,1.13E-05,11.3235980773632
0.553911237582971,1.04E-05,10.4298558022431
0.541642983978027,1.03E-05,10.3182146944381
0.529681436713207,9.26E-06,9.26191805905241
0.517719889448386,8.43E-06,8.43074387731746
0.505451635843442,7.09E-06,7.08614328221561
0.493490088578622,4.86E-06,4.85884184023804
0.481835247653925,2.49E-06,2.49352254520485
0.469566994048981,-1.70E-06,-1.70013458457313
0.457912153124285,-7.25E-06,-7.24501716639963
0.445950605859464,-1.37E-05,-13.7091599908446
0.433375645914397,-2.29E-05,-22.8741588464179
0.422027511329824,-3.32E-05,-33.1917601281758
0.40975925772488,-4.47E-05,-44.6503089951934
0.397797710460059,-5.67E-05,-56.6609292744335
0.386142869535363,-6.73E-05,-67.3465781643397
0.374181322270542,-7.67E-05,-76.7440604257267
0.361606362325475,-8.28E-05,-82.7923094529641
0.349951521400778,-8.60E-05,-86.0188601510643
0.337683267795834,-8.55E-05,-85.4545204852369
0.326028426871137,-8.25E-05,-82.5224078736553
0.314066879606317,-7.81E-05,-78.1365072098878
0.301798626001373,-7.33E-05,-73.2537422751202
0.289530372396429,-6.84E-05,-68.4200503547723
0.278182237811856,-6.41E-05,-64.1261615930419
0.266220690547036,-6.03E-05,-60.3168688487068
0.253645730601968,-5.69E-05,-56.8510872053101
0.241990889677272,-5.40E-05,-54.0477912565804
0.230029342412451,-5.14E-05,-51.3978484779126
0.217454382467384,-4.93E-05,-49.336781872282
0.205492835202563,-4.73E-05,-47.2818493934539
0.193837994277867,-4.57E-05,-45.723781185626
0.181876447013046,-4.41E-05,-44.1166399633783
0.169914899748226,-4.29E-05,-42.9327534905013
0.158260058823529,-4.16E-05,-41.5587090867475
0.145685098878462,-4.07E-05,-40.6508583199817
0.134336964293889,-3.95E-05,-39.5037766079194
0.121762004348821,-3.86E-05,-38.6204623483635
0.110107163424124,-3.79E-05,-37.9089036392767
0.0978389098191806,-3.69E-05,-36.8967727168688
0.0861840688944839,-3.64E-05,-36.4489814602884
0.0739158152895399,-3.56E-05,-35.6392767223621
0.0619542680247196,-3.51E-05,-35.1424124513619
0.0496860144197757,-3.45E-05,-34.4737926298924
0.0386445861753262,-3.38E-05,-33.8297093156329
0.0260696262302586,-3.36E-05,-33.5966124971389
0.0138013726253147,-3.29E-05,-32.8789196612497
0.00183982536049439,-3.27E-05,-32.6948958571756
-0.0101217219043259,-3.20E-05,-32.0078736552987
-0.0223899755092699,-3.19E-05,-31.9097276264591
-0.0340448164339666,-3.14E-05,-31.3944609750515
-0.0460063636987869,-3.11E-05,-31.1061570153353
-0.0582746173037308,-3.09E-05,-30.9159990844587
-0.0699294582284275,-3.06E-05,-30.6092927443351
-0.0821977118333715,-3.07E-05,-30.7135728999771
-0.0941592590981918,-3.05E-05,-30.4682078278782
-0.106427512703136,-3.07E-05,-30.7442435339895
-0.118082353627832,-3.09E-05,-30.9098649576562
-0.130043900892653,-3.15E-05,-31.5110093842985
-0.142312154497597,-3.21E-05,-32.1366903181506
-0.154273701762417,-3.30E-05,-33.0016021972992
-0.165928542687114,-3.41E-05,-34.130281528954
-0.177890089951934,-3.51E-05,-35.105607690547
-0.190158343556878,-3.65E-05,-36.5287251087205
-0.202119890821698,-3.76E-05,-37.6205996795605
-0.214388144426642,-3.90E-05,-39.0007782101167
-0.226042985351339,-3.98E-05,-39.822751201648
-0.238004532616159,-4.10E-05,-40.9943694209201
-0.250272786221103,-4.17E-05,-41.7488670176242
-0.262234333485924,-4.26E-05,-42.6260471503777
-0.274195880750744,-4.31E-05,-43.1290455481804
-0.286464134355688,-4.39E-05,-43.8835431448844
-0.298425681620508,-4.40E-05,-44.0246280613413
-0.310387228885328,-4.46E-05,-44.5644312199588
-0.321735363469902,-4.46E-05,-44.5644312199588
-0.333696910734722,-4.49E-05,-44.9202105745022
-0.345965164339666,-4.48E-05,-44.7913939116503
-0.35823341794461,-4.51E-05,-45.1410391393912
-0.37019496520943,-4.49E-05,-44.8895399404898
-0.381849806134127,-4.52E-05,-45.2330510414282
-0.393811353398947,-4.52E-05,-45.1901121538109
-0.392891234378576,-4.34E-05,-43.3866788738842
-0.380316274433509,-4.21E-05,-42.1414511329824
-0.368661433508812,-4.06E-05,-40.6017853055619
-0.356393179903868,-3.96E-05,-39.6264591439689
-0.344431632639048,-3.87E-05,-38.7002059967956
-0.332470085374228,-3.77E-05,-37.6880750743877
-0.320815244449531,-3.66E-05,-36.5900663767452
-0.30885369718471,-3.59E-05,-35.884641794461
-0.296585443579767,-3.50E-05,-34.9829251544976
-0.284623896314946,-3.39E-05,-33.8971847104601
-0.272969055390249,-3.29E-05,-32.9402609292744
-0.261007508125429,-3.22E-05,-32.2041657129778
-0.248739254520485,-3.11E-05,-31.1429617761501
-0.236777707255665,-3.01E-05,-30.0510872053101
-0.224202747310597,-2.91E-05,-29.1371023117418
-0.212547906385901,-2.80E-05,-28.0390936140993
-0.20058635912108,-2.68E-05,-26.8429388876173
-0.188931518196384,-2.57E-05,-25.6835889219501
-0.176969970931563,-2.48E-05,-24.7634699015793
-0.165008423666743,-2.36E-05,-23.5673151750973
-0.152740170061799,-2.24E-05,-22.4079652094301
-0.140778622796979,-2.14E-05,-21.4081025406271
-0.128510369192035,-2.05E-05,-20.457312886244
-0.116855528267338,-1.96E-05,-19.573998626688
-0.104587274662394,-1.88E-05,-18.7704280155642
-0.0926257273975738,-1.79E-05,-17.8748455024033
-0.0809708864728771,-1.72E-05,-17.181689173724
-0.0683959265278096,-1.63E-05,-16.2554360265507
-0.0564343792629892,-1.56E-05,-15.648157473106
-0.0447795383382925,-1.46E-05,-14.5746852826734
-0.0328179910734722,-1.39E-05,-13.8845960173953
-0.0208564438086519,-1.24E-05,-12.4301945525292
-0.00889489654383154,-1.20E-05,-11.975655756466
0.00275994438086519,-1.02E-05,-10.233563744564
0.0156416106660563,-9.42E-06,-9.41649805447471
0.027296451590753,-8.14E-06,-8.13814602883955
0.0392579988555734,-6.66E-06,-6.65982146944381
0.0515262524605173,-5.32E-06,-5.32135500114443
0.0628743870450904,-4.28E-06,-4.28468757152666
0.0751426406500343,-3.53E-06,-3.52589608606088
0.0867974815747311,-3.10E-06,-3.09773403524834
0.099065735179675,-3.21E-06,-3.20937514305333
0.111333988784619,-3.89E-06,-3.89149004348821
0.123295536049439,-5.19E-06,-5.1949919890135
0.134950376974136,-6.43E-06,-6.43347219043259
0.146911924238956,-7.36E-06,-7.35972533760586
0.1591801778439,-8.18E-06,-8.17924467841611
0.17114172510872,-9.55E-06,-9.5502220187686
0.183103272373541,-1.03E-05,-10.2593270771344
0.195371525978485,-1.03E-05,-10.3084000915541
0.207639779583429,-1.11E-05,-11.0690318150607
0.218987914168002,-1.09E-05,-10.8708995193408
0.231562874113069,-1.10E-05,-11.0119844357977
0.243217715037766,-1.08E-05,-10.7813412680247
0.255179262302586,-1.04E-05,-10.3771023117418
0.267140809567407,-9.54E-06,-9.54408789196612
0.279102356832227,-8.89E-06,-8.89018997482261
0.291370610437171,-7.02E-06,-7.01560082398718
0.303332157701991,-5.36E-06,-5.3587731746395
0.315293704966812,-2.11E-06,-2.10952620737011
0.326948545891508,1.94E-06,1.93887479972534
0.338603386816205,7.48E-06,7.47995422293431
0.351485053101396,1.52E-05,15.2334905012589
0.362833187685969,2.43E-05,24.3156786449989
0.375101441290913,3.52E-05,35.2160219729915
0.387062988555734,4.73E-05,47.2879835202563
0.399331242160677,5.91E-05,59.1391165026322
0.411292789425498,7.04E-05,70.3584344243534
0.422947630350194,7.95E-05,79.4614785992218
0.434909177615015,8.50E-05,85.0435339894713
0.447484137560082,8.71E-05,87.0923323414969
0.459138978484779,8.55E-05,85.5158617532616
0.471100525749599,8.12E-05,81.1544975967041
0.482448660334173,7.60E-05,75.9834287022202
0.495330326619364,7.06E-05,70.5853971160449
0.50698516754406,6.53E-05,65.3161821927214
0.519253421149004,6.06E-05,60.5683680476081
0.531214968413825,5.66E-05,56.6486610208286
0.543483222018769,5.33E-05,53.3055619134813
0.554831356603342,5.02E-05,50.1648889906157
0.567099610208286,4.77E-05,47.698970016022
0.579367863813229,4.55E-05,45.5152208743419
0.59132941107805,4.37E-05,43.6872510872053
0.60329095834287,4.19E-05,41.8838178072785
0.614945799267567,4.04E-05,40.3625543602655
0.627214052872511,3.90E-05,39.043717097734
0.638868893797207,3.78E-05,37.7800869764248
0.651137147402151,3.68E-05,36.8231631952392
0.663405401007095,3.59E-05,35.9275806820783
0.674753535591668,3.51E-05,35.0933394369421
0.687021789196612,3.42E-05,34.2406958113985
0.698983336461433,3.35E-05,33.4739299610895
0.710944883726253,3.27E-05,32.7439688715953
0.723519843671321,3.20E-05,32.0140077821012
0.735174684596017,3.14E-05,31.4128633554589
0.747442938200961,3.08E-05,30.7871824216068
0.759404485465782,3.02E-05,30.2351110093843
0.771366032730602,2.99E-05,29.867063401236
0.783020873655299,2.94E-05,29.3824673838407
0.794982420920119,2.91E-05,29.1064316777295
0.792835476539254,2.30E-05,23.0397802700847
0.78056722293431,2.11E-05,21.119798580911
0.769219088349737,1.99E-05,19.9359121080339
0.757257541084916,1.92E-05,19.1936827649348
0.744989287479972,1.85E-05,18.4514534218357
0.732721033875029,1.78E-05,17.7889677271687
0.720759486610208,1.70E-05,16.9853971160449
0.709104645685511,1.63E-05,16.2861066605631
0.697143098420691,1.58E-05,15.8076447699702
0.684874844815747,1.52E-05,15.2310368505379
0.67322000389105,1.48E-05,14.777111467155
0.660645043945983,1.42E-05,14.1759670405127
0.648990203021286,1.38E-05,13.7925841153582
0.637335362096589,1.36E-05,13.6337102311742
0.624453695811398,1.30E-05,12.9755184252689
0.612798854886702,1.27E-05,12.7197253376059
0.600837307621881,1.24E-05,12.367626459144
0.589489173037308,1.19E-05,11.9143144884413
0.576914213092241,1.17E-05,11.749919890135
0.565259372167544,1.13E-05,11.2978347447929
0.5529911185626,1.05E-05,10.5286152437629
0.540722864957656,1.02E-05,10.228656443122
0.528761317692836,9.51E-06,9.51219043259327
0.516799770428016,8.26E-06,8.26389562829022
0.504224810482948,6.87E-06,6.86715495536736
0.493183382238498,4.92E-06,4.91588921950103
0.480608422293431,2.12E-06,2.11688715953307
0.468646875028611,-2.01E-06,-2.00996932936599
0.45668532776379,-7.37E-06,-7.36524605172808
0.44472378049897,-1.46E-05,-14.6249851224536
0.43276223323415,-2.37E-05,-23.6961318379492
0.421107392309453,-3.42E-05,-34.1793545433738
0.408839138704509,-4.58E-05,-45.7605859464408
0.396877591439689,-5.75E-05,-57.5074387731746
0.385222750514992,-6.84E-05,-68.3893797207599
0.372954496910048,-7.73E-05,-77.2838635843442
0.360686243305104,-8.33E-05,-83.3198443579767
0.34841798970016,-8.59E-05,-85.8532387273976
0.337069855115587,-8.53E-05,-85.2582284275578
0.325108307850767,-8.20E-05,-81.9642023346303
0.313146760585946,-7.74E-05,-77.4126802471961
0.300571800640879,-7.26E-05,-72.5728542000458
0.288916959716182,-6.80E-05,-67.9906614785992
0.276955412451362,-6.36E-05,-63.5986266880293
0.264993865186542,-5.96E-05,-59.617578393225
0.252725611581598,-5.65E-05,-56.5259784847791
0.240457357976654,-5.38E-05,-53.7533531700618
0.228495810711833,-5.12E-05,-51.195422293431
0.21714767612726,-4.90E-05,-48.9748683909361
0.205492835202563,-4.73E-05,-47.2634470130465
0.192917875257496,-4.55E-05,-45.5397573815518
0.180956327992676,-4.39E-05,-43.9387502861067
0.169301487067979,-4.26E-05,-42.6137788967727
0.157339939803159,-4.15E-05,-41.5403067063401
0.144764979858091,-4.04E-05,-40.4361638818952
0.133110138933394,-3.93E-05,-39.3381551842527
0.121148591668574,-3.85E-05,-38.4671091783017
0.109187044403754,-3.77E-05,-37.74328221561
0.0969187907988098,-3.70E-05,-36.976516365301
0.0849572435339895,-3.63E-05,-36.2588235294118
0.0729956962691691,-3.55E-05,-35.5288624399176
0.0610341490043488,-3.50E-05,-34.9645227740902
0.0490726017395285,-3.44E-05,-34.4124513618677
0.0368043481345846,-3.38E-05,-33.8481116960403
0.0248428008697642,-3.33E-05,-33.3205767910277
0.0134946662851911,-3.29E-05,-32.8789196612497
0.000919706340123598,-3.26E-05,-32.5722133211261
-0.0107351345845731,-3.21E-05,-32.0876173037308
-0.0230033881895171,-3.17E-05,-31.7073014419776
-0.0349649354543374,-3.13E-05,-31.2533760585946
-0.0469264827191577,-3.11E-05,-31.0509498741131
-0.0585813236438544,-3.10E-05,-30.9896086060883
-0.0705428709086747,-3.06E-05,-30.62156099794
-0.0831178308537423,-3.06E-05,-30.5847562371252
-0.0953860844586862,-3.07E-05,-30.7197070267796
-0.107040925383383,-3.05E-05,-30.5356832227054
-0.118389059967956,-3.12E-05,-31.2411078049897
-0.130964019913024,-3.15E-05,-31.4680704966812
-0.142925567177844,-3.23E-05,-32.2655069810025
-0.154580408102541,-3.33E-05,-33.2960402838178
-0.166848661707485,-3.43E-05,-34.2529640650034
-0.178810208972305,-3.54E-05,-35.4123140306706
-0.190771756237125,-3.65E-05,-36.4551155870909
-0.202733303501945,-3.77E-05,-37.7494163424125
-0.214694850766766,-3.91E-05,-39.0682536049439
-0.227269810711833,-4.02E-05,-40.2337376974136
-0.238311238956283,-4.11E-05,-41.0618448157473
-0.25088619890135,-4.20E-05,-42.006500343328
-0.262541039826047,-4.26E-05,-42.5769741359579
-0.274502587090867,-4.34E-05,-43.3928130006867
-0.287384253376059,-4.38E-05,-43.7915312428473
-0.299039094300755,-4.41E-05,-44.0614328221561
-0.311000641565576,-4.44E-05,-44.4478828107118
-0.322655482490272,-4.48E-05,-44.7913939116503
-0.334617029755093,-4.49E-05,-44.9324788281071
-0.34719198970016,-4.50E-05,-44.9815518425269
-0.358540124284733,-4.49E-05,-44.9324788281071
-0.370808377889677,-4.51E-05,-45.073563744564
-0.382769925154498,-4.52E-05,-45.177843900206
-0.395038178759441,-4.51E-05,-45.1226367589837
-0.391664409018082,-4.35E-05,-43.4602883955139
-0.380009568093385,-4.18E-05,-41.8286106660563
-0.367741314488441,-4.06E-05,-40.589517051957
-0.356393179903868,-3.96E-05,-39.6203250171664
-0.344124926298924,-3.87E-05,-38.6818036163882
-0.33185667269398,-3.76E-05,-37.5960631723506
-0.319588419089036,-3.68E-05,-36.7863584344244
-0.307626871824216,-3.58E-05,-35.7926298924239
-0.295665324559396,-3.50E-05,-34.9645227740902
-0.283703777294575,-3.39E-05,-33.9401235980774
-0.271435523689631,-3.31E-05,-33.1242847333486
-0.259473976424811,-3.20E-05,-31.9956054016938
-0.248125841840238,-3.10E-05,-31.0202792401007
-0.236164294575418,-3.00E-05,-30.0204165712978
-0.22358933463035,-2.90E-05,-29.0144197756924
-0.211934493705653,-2.81E-05,-28.0697642481117
-0.200279652780957,-2.71E-05,-27.0760357061112
-0.187397986495766,-2.60E-05,-26.0148317692836
-0.175743145571069,-2.48E-05,-24.8309452964065
-0.163781598306249,-2.35E-05,-23.5305104142824
-0.151820051041428,-2.24E-05,-22.4140993362325
-0.139858503776608,-2.14E-05,-21.4019684138247
-0.12728354383154,-2.05E-05,-20.457312886244
-0.115935409246967,-1.97E-05,-19.6721446555276
-0.103973861982147,-1.89E-05,-18.8747081712062
-0.0920123147173266,-1.80E-05,-17.9607232776379
-0.0800507674525063,-1.72E-05,-17.2307621881437
-0.068089220187686,-1.67E-05,-16.6664225223163
-0.0555142602426184,-1.59E-05,-15.8505836575875
-0.0438594193179217,-1.49E-05,-14.8629892423896
-0.032204578393225,-1.40E-05,-14.0042114900435
-0.0196296184481575,-1.30E-05,-13.0012817578393
-0.00766807118333715,-1.19E-05,-11.8775097276265
0.00398676974135958,-1.08E-05,-10.8451361867704
0.0156416106660563,-9.36E-06,-9.35699702449073
0.0279098642710002,-8.35E-06,-8.35406729228656
0.0401781178759442,-7.12E-06,-7.12233463035019
0.0518329588006409,-5.80E-06,-5.80349736781872
0.0644079187457084,-4.63E-06,-4.62758525978485
0.0763694660105287,-3.82E-06,-3.82217441062028
0.0880243069352254,-3.44E-06,-3.43879148546578
0.0999858542000458,-3.59E-06,-3.58969100480659
0.11225410780499,-4.30E-06,-4.29572899977111
0.123908948729686,-5.48E-06,-5.4808422980087
0.135870495994507,-6.58E-06,-6.58069123369192
0.147832043259327,-7.37E-06,-7.36831311512932
0.159793590524147,-8.96E-06,-8.9576653696498
0.172061844129091,-9.83E-06,-9.82687113756008
0.184330097734035,-1.00E-05,-9.99924010070954
0.196291644998856,-1.10E-05,-10.9911284046693
0.208559898603799,-1.10E-05,-11.0224124513619
0.219908033188373,-1.12E-05,-11.2438544289311
0.232176286793317,-1.13E-05,-11.3174639505608
0.243831127718013,-1.09E-05,-10.9297871366445
0.256099381322957,-1.07E-05,-10.7341084916457
0.26744751590753,-9.78E-06,-9.78270542458228
0.279715769512474,-8.98E-06,-8.97790798809796
0.291984023117418,-7.38E-06,-7.38180819409476
0.304558983062486,-5.20E-06,-5.20296635385672
0.315600411306935,-2.53E-06,-2.53278095674067
0.328175371252003,1.68E-06,1.68289768825818
0.340136918516823,7.29E-06,7.29224994277867
0.352098465781643,1.52E-05,15.1531334401465
0.36375330670634,2.43E-05,24.2543373769741
0.376021560311284,3.54E-05,35.4061799038682
0.387983107576104,4.71E-05,47.1468986037995
0.399637948500801,5.95E-05,59.5194323643854
0.411906202105745,7.04E-05,70.3645685511559
0.423561043030442,7.95E-05,79.516685740444
0.435829296635386,8.49E-05,84.8656443121996
0.447790843900206,8.68E-05,86.8224307621881
0.46005909750515,8.53E-05,85.2950331883726
0.471713938429847,8.09E-05,80.9091325246052
0.48398219203479,7.58E-05,75.8055390249485
0.496250445639734,7.02E-05,70.1989471274891
0.507905286564431,6.48E-05,64.8438544289311
0.519560127489128,6.02E-05,60.1941863126574
0.531828381094072,5.64E-05,56.3664911879148
0.544096634699016,5.30E-05,52.9927214465553
0.555751475623712,5.01E-05,50.0667429617761
0.568019729228656,4.75E-05,47.5088120851453
0.579674570153353,4.52E-05,45.1901121538109
0.591636117418173,4.33E-05,43.306935225452
0.604211077363241,4.16E-05,41.5709773403525
0.615865918287938,4.01E-05,40.0926527809567
0.627827465552758,3.87E-05,38.6572671091783
0.640095719157702,3.75E-05,37.510185397116
0.652363972762646,3.66E-05,36.5655298695354
0.663712107347219,3.56E-05,35.5779354543374
0.675980360952163,3.46E-05,34.6148775463493
0.688248614557107,3.39E-05,33.8849164568551
0.700210161821927,3.31E-05,33.142687113756
0.7115582964065,3.23E-05,32.3268482490272
0.724133256351568,3.16E-05,31.6459601739528
0.735788097276264,3.11E-05,31.1184252689403
0.748056350881208,3.04E-05,30.4375371938659
0.759711191805905,2.99E-05,29.8977340352483
0.771979445410849,2.95E-05,29.4560769054704
0.783634286335546,2.90E-05,28.9714808880751
0.795595833600366,2.89E-05,28.8917372396429
0.791915357518883,2.25E-05,22.4754406042573
0.78056722293431,2.06E-05,20.6045319295033
0.767992262989242,1.95E-05,19.5065232318608
0.755724009384298,1.87E-05,18.7397573815518
0.744069168459602,1.80E-05,17.9545891508354
0.732107621194781,1.72E-05,17.1878233005264
0.720146073929961,1.66E-05,16.6296177615015
0.708184526665141,1.59E-05,15.8996566720073
0.696529685740444,1.54E-05,15.4089265278096
0.683954725795376,1.46E-05,14.5930876630808
0.671993178530556,1.44E-05,14.439734493019
0.659418218585489,1.36E-05,13.561327534905
0.648070084000915,1.34E-05,13.4128816662852
0.636415243076219,1.32E-05,13.1669031815061
0.624146989471275,1.23E-05,12.3148729686427
0.611878735866331,1.23E-05,12.3197802700847
0.600223894941634,1.22E-05,12.1719478141451
0.588569054016937,1.14E-05,11.3646967269398
0.576300800411994,1.09E-05,10.888688487068
0.563725840466926,1.05E-05,10.4586861982147
0.552070999542229,1.00E-05,10.0483131151293
0.540109452277409,9.72E-06,9.71829709315633
0.528147905012589,9.09E-06,9.08709544518196
0.515879651407645,7.99E-06,7.98601968413825
0.503611397802701,6.51E-06,6.51321583886473
0.49164985053788,4.37E-06,4.37117875944152
0.479995009613184,1.23E-06,1.22927901121538
0.468033462348363,-3.03E-06,-3.02657816433967
0.456071915083543,-8.64E-06,-8.63930418860151
0.443803661478599,-1.61E-05,-16.0566903181506
0.432148820553902,-2.54E-05,-25.3584802014191
0.419573860608835,-3.62E-05,-36.1545433737697
0.408225726024262,-4.78E-05,-47.8277866788739
0.396264178759441,-5.96E-05,-59.6114442664225
0.383689218814374,-7.03E-05,-70.340032043946
0.372034377889677,-7.90E-05,-78.970748455024
0.36037953696498,-8.46E-05,-84.5650720988785
0.348111283360037,-8.67E-05,-86.7058823529412
0.33645644243534,-8.56E-05,-85.5588006408789
0.324494895170519,-8.22E-05,-82.2279697871366
0.311613228885328,-7.76E-05,-77.5967040512703
0.299958387960632,-7.27E-05,-72.6648661020829
0.287996840695811,-6.80E-05,-68.0151979858091
0.276341999771115,-6.39E-05,-63.880796520943
0.263767039826047,-6.00E-05,-60.046967269398
0.251805492561227,-5.67E-05,-56.7100022888533
0.24015065163653,-5.39E-05,-53.9005722133211
0.22818910437171,-5.16E-05,-51.6125429159991
0.216227557106889,-4.94E-05,-49.3735866330968
0.204572716182193,-4.74E-05,-47.4474708171206
0.191997756237125,-4.58E-05,-45.840329594873
0.180342915312428,-4.42E-05,-44.2086518654154
0.168381368047608,-4.31E-05,-43.0799725337606
0.156113114442664,-4.17E-05,-41.6752574959945
0.144458273517967,-4.08E-05,-40.7919432364385
0.132190019913024,-3.98E-05,-39.7614099336233
0.11992176630808,-3.90E-05,-38.9762417029068
0.108266925383383,-3.81E-05,-38.068390936141
0.0963053781185626,-3.73E-05,-37.2893568322271
0.0840371245136187,-3.67E-05,-36.7250171663996
0.0723822835889219,-3.59E-05,-35.8785076676585
0.0598073236438544,-3.55E-05,-35.4552529182879
0.0478457763790341,-3.48E-05,-34.8111696040284
0.036497641794461,-3.42E-05,-34.1977569237812
0.0245360945296406,-3.39E-05,-33.9217212176699
0.0119611345845731,-3.33E-05,-33.2531013962005
-4.13E-07,-3.29E-05,-32.9463950560769
-0.0116552536049439,-3.24E-05,-32.4372625314717
-0.0236168008697642,-3.21E-05,-32.1182879377432
-0.0361917608148318,-3.18E-05,-31.7809109636072
-0.0484600144197757,-3.14E-05,-31.4067292286564
-0.0595014426642252,-3.13E-05,-31.2717784390021
-0.0711562835889219,-3.10E-05,-30.9834744792859
-0.0834245371938659,-3.10E-05,-31.0448157473106
-0.0956927907988098,-3.11E-05,-31.0570840009155
-0.10765433806363,-3.11E-05,-31.1368276493477
-0.120229298008698,-3.16E-05,-31.5723506523232
-0.131884138933394,-3.19E-05,-31.8851911192493
-0.143845686198215,-3.27E-05,-32.6642252231632
-0.155807233463035,-3.36E-05,-33.6150148775463
-0.167462074387732,-3.47E-05,-34.6578164339666
-0.179730327992676,-3.59E-05,-35.8969100480659
-0.192305287937743,-3.70E-05,-36.9887846189059
-0.20396012886244,-3.84E-05,-38.3566948958572
-0.215614969787137,-3.94E-05,-39.4178988326848
-0.227576517051957,-4.04E-05,-40.4238956282902
-0.240151476997024,-4.15E-05,-41.5464408331426
-0.251499611581598,-4.21E-05,-42.1475852597849
-0.263461158846418,-4.31E-05,-43.1045090409705
-0.275422706111238,-4.34E-05,-43.3805447470817
-0.287690959716182,-4.43E-05,-44.2699931334401
-0.299652506981002,-4.44E-05,-44.3865415426871
-0.31222746692607,-4.50E-05,-44.9754177157244
-0.323575601510643,-4.47E-05,-44.736186770428
-0.335843855115587,-4.51E-05,-45.1410391393912
-0.347498696040284,-4.50E-05,-44.9754177157244
-0.359766949645228,-4.53E-05,-45.294392309453
-0.372035203250172,-4.51E-05,-45.1226367589837
-0.383383337834745,-4.53E-05,-45.3311970702678
-0.395651591439689,-4.53E-05,-45.3373311970703
-0.391050996337835,-4.35E-05,-43.5154955367361
-0.379089449073014,-4.17E-05,-41.6936598764019
-0.36682119546807,-4.07E-05,-40.7490043488212
-0.35485964820325,-3.95E-05,-39.4669718471046
-0.343204807278553,-3.87E-05,-38.6511329823758
-0.331243260013733,-3.75E-05,-37.5347219043259
-0.318975006408789,-3.68E-05,-36.7618219272145
-0.307320165484092,-3.57E-05,-35.7190203707942
-0.295051911879149,-3.50E-05,-34.9645227740902
-0.283090364614328,-3.39E-05,-33.8542458228428
-0.271128817349508,-3.31E-05,-33.1242847333486
-0.259473976424811,-3.21E-05,-32.0753490501259
-0.246899016479744,-3.12E-05,-31.2043030441749
-0.234937469214923,-3.02E-05,-30.1860379949645
-0.222975921950103,-2.93E-05,-29.2659189745937
-0.211321081025406,-2.81E-05,-28.112703135729
-0.199052827420462,-2.68E-05,-26.7754634927901
-0.187091280155642,-2.58E-05,-25.8430762188144
-0.175743145571069,-2.48E-05,-24.8064087891966
-0.162861479285878,-2.37E-05,-23.6777294575418
-0.150899932021057,-2.26E-05,-22.5919890135042
-0.139551797436484,-2.16E-05,-21.5859922178988
-0.127590250171664,-2.06E-05,-20.6106660563058
-0.11532199656672,-1.97E-05,-19.7396200503548
-0.1033604493019,-1.89E-05,-18.8931105516136
-0.091705608377203,-1.81E-05,-18.1324788281071
-0.0788239420920119,-1.73E-05,-17.3473105973907
-0.066555688487068,-1.67E-05,-16.6602883955138
-0.0549008475623712,-1.58E-05,-15.7953765163653
-0.0432460066376745,-1.49E-05,-14.9243305104143
-0.0309777530327306,-1.40E-05,-14.0348821240558
-0.0190162057679103,-1.31E-05,-13.0791851682307
-0.00705465850308995,-1.21E-05,-12.0664408331426
0.00521359510185397,-1.06E-05,-10.6175600823987
0.0165617296864271,-9.61E-06,-9.61463035019455
0.028829983291371,-8.02E-06,-8.02466468299382
0.0407915305561913,-7.17E-06,-7.17386129549096
0.0530597841611353,-5.55E-06,-5.55261158159762
0.0653280377660792,-4.93E-06,-4.92938429846647
0.0772895850308995,-3.75E-06,-3.75408560311284
0.0886377196154726,-3.55E-06,-3.54920576791028
0.10121267956054,-3.56E-06,-3.555953307393
0.112560814145113,-4.08E-06,-4.08226138704509
0.124829067750057,-5.19E-06,-5.19008468757153
0.137710734035248,-6.22E-06,-6.21509727626459
0.149058868619821,-7.69E-06,-7.68606088349737
0.160713709544518,-8.63E-06,-8.62764934767681
0.172675256809338,-9.56E-06,-9.5594232089723
0.184943510414282,-1.00E-05,-10.0305241474021
0.196905057679103,-1.06E-05,-10.5862760357061
0.208253192263676,-1.09E-05,-10.9175188830396
0.220828152208743,-1.09E-05,-10.9126115815976
0.233096405813687,-1.10E-05,-11.0438818951705
0.245057953078508,-1.07E-05,-10.7242938887617
0.257019500343328,-1.02E-05,-10.1697688258183
0.268981047608148,-9.74E-06,-9.73669947356374
0.280942594872969,-8.79E-06,-8.78897688258182
0.292904142137789,-7.00E-06,-6.99535820553902
0.304865689402609,-5.02E-06,-5.02323643854429
0.316213823987182,-2.09E-06,-2.08682993820096
0.329095490272373,2.01E-06,2.01003067063401
0.341057037537194,8.04E-06,8.03693293659876
0.353018584802014,1.59E-05,15.854264133669
0.364673425726711,2.51E-05,25.1315175097276
0.376634972991531,3.60E-05,36.0134584573129
0.388903226596475,4.78E-05,47.8400549324788
0.400864773861295,6.00E-05,59.9856260013733
0.412519614785992,7.11E-05,71.0515907530327
0.424481162050812,8.00E-05,80.0319523918517
0.43705612199588,8.57E-05,85.650812542916
0.4490176692607,8.74E-05,87.392904554818
0.460979216525521,8.57E-05,85.6876173037308
0.472634057450217,8.16E-05,81.6145571068895
0.484902311055161,7.61E-05,76.1122453650721
0.496557151979858,7.05E-05,70.5363241016251
0.508211992904555,6.52E-05,65.1628290226596
0.520480246509499,6.05E-05,60.4947585259785
0.532441793774319,5.65E-05,56.4830395971618
0.544710047379263,5.33E-05,53.2503547722591
0.556978300984207,5.04E-05,50.4347905699245
0.56832643556878,4.79E-05,47.9259327077134
0.580901395513847,4.56E-05,45.5581597619593
0.592556236438544,4.36E-05,43.5768368047608
0.604824490043488,4.20E-05,41.9696955825132
0.617092743648432,4.03E-05,40.3318837262531
0.628747584573129,3.93E-05,39.276813916228
0.641015838178073,3.82E-05,38.1972075989929
0.652670679102769,3.71E-05,37.1176012817578
0.665245639047837,3.60E-05,36.0011902037079
0.67659377363241,3.51E-05,35.0504005493248
0.68855532089723,3.43E-05,34.2775005722133
0.700823574502174,3.36E-05,33.584344243534
0.713091828107118,3.29E-05,32.8850537880522
0.724746669031815,3.22E-05,32.1857633325704
0.736708216296635,3.15E-05,31.4987411306935
0.748976469901579,3.09E-05,30.8853284504463
0.760631310826276,3.04E-05,30.400732433051
0.772592858091096,3.01E-05,30.0510872053101
0.78486111169604,2.97E-05,29.6646372167544
0.796515952620737,2.93E-05,29.2781872281987
0.790995238498512,2.28E-05,22.7698786907759
0.779340397573815,2.11E-05,21.107530327306
0.767378850308995,2.01E-05,20.0769970244907
0.754497184023804,1.92E-05,19.1752803845274
0.742842343099107,1.84E-05,18.4207827878233
0.731187502174411,1.75E-05,17.4761272602426
0.71922595490959,1.69E-05,16.9363241016251
0.706957701304646,1.61E-05,16.1327534905013
0.695302860379949,1.57E-05,15.7033646143282
0.683648019455253,1.51E-05,15.0838178072786
0.671379765850309,1.46E-05,14.5501487754635
0.659111512245365,1.41E-05,14.0900892652781
0.647149964980545,1.35E-05,13.4852643625544
0.635495124055848,1.31E-05,13.0663035019455
0.623533576791028,1.26E-05,12.5700526436255
0.611265323186084,1.22E-05,12.2400366216525
0.59899706958114,1.20E-05,11.9572533760586
0.587035522316319,1.16E-05,11.5640558480201
0.575380681391623,1.13E-05,11.322984664683
0.563419134126802,1.10E-05,10.9616845960174
0.551150880521858,1.05E-05,10.4678873884184
0.538575920576791,9.91E-06,9.91458915083543
0.527534492332341,9.15E-06,9.14843671320668
0.514959532387274,8.27E-06,8.26512245365072
0.503611397802701,6.59E-06,6.59357289997711
0.491036437857633,4.46E-06,4.45582970931563
0.479074890592813,1.11E-06,1.10678049897002
0.467113343327993,-3.27E-06,-3.27317006179904
0.455458502403296,-9.34E-06,-9.33798123140306
0.443496955138476,-1.70E-05,-17.0498054474708
0.431535407873655,-2.64E-05,-26.4442206454566
0.418960447928588,-3.74E-05,-37.3506981002518
0.406998900663767,-4.90E-05,-48.9503318837263
0.394730647058823,-6.06E-05,-60.5806363012131
0.38338251247425,-7.10E-05,-70.9841153582055
0.37142096520943,-7.94E-05,-79.3694666971847
0.359152711604486,-8.46E-05,-84.6018768596933
0.347191164339666,-8.65E-05,-86.4543831540398
0.335536323414969,-8.51E-05,-85.1232776379034
0.323574776150149,-8.16E-05,-81.5532158388647
0.311306522545205,-7.68E-05,-76.8238040741588
0.299344975280384,-7.19E-05,-71.9349050125887
0.287076721675441,-6.73E-05,-67.2607003891051
0.27511517441062,-6.32E-05,-63.2489814602884
0.263767039826047,-5.95E-05,-59.5194323643854
0.251498786221103,-5.61E-05,-56.1272602426184
0.238923826276036,-5.34E-05,-53.3546349279011
0.227268985351339,-5.10E-05,-50.9561913481346
0.215000731746395,-4.89E-05,-48.9380636301213
0.203652597161822,-4.70E-05,-47.0426184481575
0.191077637216754,-4.56E-05,-45.5642938887617
0.179116089951934,-4.40E-05,-44.0246280613413
0.16684783634699,-4.26E-05,-42.5831082627604
0.15488628908217,-4.14E-05,-41.3685511558709
0.143231448157473,-4.04E-05,-40.4300297550927
0.131269900892653,-3.96E-05,-39.6264591439689
0.119001647287709,-3.86E-05,-38.6265964751659
0.107346806363012,-3.79E-05,-37.9334401464866
0.0956919654383154,-3.72E-05,-37.1605401693751
0.0834237118333715,-3.62E-05,-36.2220187685969
0.0714621645685511,-3.56E-05,-35.55953307393
0.0595006173037308,-3.50E-05,-35.0074616617075
0.0475390700389105,-3.45E-05,-34.5351338979171
0.0352708164339666,-3.41E-05,-34.0628061341268
0.0230025628290227,-3.37E-05,-33.6518196383612
0.0113477219043259,-3.31E-05,-33.0874799725338
-9.21E-04,-3.26E-05,-32.6335545891508
-0.0125753726253147,-3.23E-05,-32.2900434882124
-0.0242302135500114,-3.19E-05,-31.9403982604715
-0.036805173495079,-3.16E-05,-31.5662165255207
-0.0481533080796521,-3.12E-05,-31.2472419317922
-0.0607282680247196,-3.10E-05,-31.0264133669032
-0.0726898152895399,-3.09E-05,-30.8607919432364
-0.0849580688944838,-3.09E-05,-30.8791943236439
-0.0969196161593042,-3.10E-05,-30.9834744792859
-0.108574457084001,-3.12E-05,-31.1552300297551
-0.121149417029068,-3.13E-05,-31.3208514534218
-0.132497551613642,-3.18E-05,-31.8115815976196
-0.144459098878462,-3.27E-05,-32.6580910963607
-0.156727352483406,-3.37E-05,-33.7192950331884
-0.16899560608835,-3.47E-05,-34.6516823071641
-0.18095715335317,-3.57E-05,-35.7496910048066
-0.192611994277867,-3.69E-05,-36.9274433508812
-0.204573541542687,-3.82E-05,-38.1542687113756
-0.216841795147631,-3.95E-05,-39.497642481117
-0.228496636072328,-4.04E-05,-40.356420233463
-0.240458183337148,-4.12E-05,-41.2090638590066
-0.252726436942092,-4.22E-05,-42.1843900205997
-0.264687984206912,-4.29E-05,-42.9327534905013
-0.276649531471733,-4.35E-05,-43.5154955367361
-0.288611078736553,-4.37E-05,-43.7424582284276
-0.300572626001373,-4.42E-05,-44.2393224994278
-0.312534173266194,-4.46E-05,-44.6257724879835
-0.32418901419089,-4.45E-05,-44.5460288395514
-0.335843855115587,-4.48E-05,-44.7791256580453
-0.348418815060655,-4.50E-05,-44.9508812085145
-0.360687068665599,-4.48E-05,-44.8220645456626
-0.372341909590295,-4.49E-05,-44.8834058136873
-0.383690044174868,-4.51E-05,-45.0796978713664
-0.396878416800183,-4.51E-05,-45.0551613641565
-0.389517464637217,-4.30E-05,-43.0493018997482
-0.378476036392767,-4.15E-05,-41.4850995651179
-0.366207782787823,-4.04E-05,-40.4300297550927
-0.354552941863127,-3.92E-05,-39.1909361409934
-0.341977981918059,-3.84E-05,-38.3750972762646
-0.330323140993362,-3.73E-05,-37.2954909590295
-0.318361593728542,-3.65E-05,-36.5409933623255
-0.306706752803845,-3.55E-05,-35.4981918059052
-0.294438499198901,-3.46E-05,-34.6332799267567
-0.281863539253834,-3.37E-05,-33.7438315403983
-0.269901991989013,-3.29E-05,-32.8911879148547
-0.258247151064317,-3.19E-05,-31.9158617532616
-0.246285603799496,-3.11E-05,-31.0570840009155
-0.2346307628748,-2.99E-05,-29.9468070496681
-0.222362509269856,-2.91E-05,-29.088029297322
-0.210094255664912,-2.77E-05,-27.7201190203708
-0.198132708400092,-2.69E-05,-26.9104142824445
-0.185864454795148,-2.56E-05,-25.6283817807279
-0.173902907530327,-2.47E-05,-24.7143968871595
-0.162248066605631,-2.36E-05,-23.616388189517
-0.15028651934081,-2.25E-05,-22.4509040970474
-0.138018265735866,-2.15E-05,-21.5430533302815
-0.126056718471046,-2.04E-05,-20.3714351110094
-0.114095171206226,-1.98E-05,-19.7886930647745
-0.102133623941405,-1.88E-05,-18.8317692835889
-0.0904787830167086,-1.80E-05,-18.0159304188602
-0.0785172357518883,-1.74E-05,-17.4270542458228
-0.0662489821469444,-1.65E-05,-16.4701304646372
-0.054287434882124,-1.59E-05,-15.8505836575875
-0.0417124749370565,-1.50E-05,-14.9550011444266
-0.0303643403524834,-1.40E-05,-13.9858091096361
-0.0184027930876631,-1.32E-05,-13.1748775463493
-0.00613453948271916,-1.19E-05,-11.9351705195697
0.00613371412222476,-1.08E-05,-10.7696864271
0.0177885550469215,-9.72E-06,-9.72381780727855
0.0300568086518654,-8.26E-06,-8.26082856488899
0.0414049432364385,-7.08E-06,-7.07510185397116
0.0536731968413825,-5.88E-06,-5.87772030212863
0.0656347441062028,-4.77E-06,-4.77296406500343
0.0779029977111467,-4.10E-06,-4.10495765621424
0.089864544975967,-3.49E-06,-3.4884779125658
0.101826092240787,-3.72E-06,-3.72157473105974
0.113787639505608,-4.06E-06,-4.06324559395743
0.125442480430304,-5.41E-06,-5.40784618905928
0.137404027695125,-6.27E-06,-6.27459830624857
0.149672281300069,-7.79E-06,-7.78972762645914
0.161633828564889,-8.55E-06,-8.54667887388418
0.173595375829709,-9.61E-06,-9.60604257267109
0.18555692309453,-1.00E-05,-10.0317509727626
0.197825176699474,-1.06E-05,-10.6347356374456
0.20948001762417,-1.10E-05,-10.9862211032273
0.221441564888991,-1.11E-05,-11.0905012588693
0.233403112153811,-1.11E-05,-11.0776195925841
0.245978072098878,-1.06E-05,-10.6151064316777
0.257632913023575,-1.06E-05,-10.5991577019913
0.269901166628519,-9.40E-06,-9.40054932478828
0.281862713893339,-8.88E-06,-8.88405584802014
0.29382426115816,-7.04E-06,-7.04136415655756
0.305479102082856,-5.10E-06,-5.10052643625544
0.317440649347677,-2.01E-06,-2.01138017853056
0.329708902952621,2.46E-06,2.461625085832
0.341670450217441,7.93E-06,7.92713206683451
0.353938703822385,1.59E-05,15.8702128633555
0.365900251087205,2.50E-05,24.9842984664683
0.377555092011902,3.61E-05,36.1484092469673
0.389516639276722,4.81E-05,48.1344930189975
0.401478186541543,6.03E-05,60.3230029755093
0.413439733806363,7.13E-05,71.327626459144
0.42601469375143,8.01E-05,80.0564888990616
0.437669534676127,8.56E-05,85.5772030212863
0.449937788281071,8.71E-05,87.080064087892
0.461285922865644,8.54E-05,85.4054474708171
0.473554176470588,8.12E-05,81.1913023575189
0.485822430075532,7.57E-05,75.7319295033188
0.497783977340352,7.02E-05,70.2296177615015
0.509438818265049,6.49E-05,64.9481345845731
0.521707071869993,6.05E-05,60.4518196383612
0.533055206454566,5.65E-05,56.4585030899519
0.54532346005951,5.30E-05,53.0417944609751
0.557898420004578,5.02E-05,50.1587548638132
0.569859967269398,4.75E-05,47.5456168459602
0.581514808194095,4.55E-05,45.4845502403296
0.593476355458915,4.33E-05,43.3008010986496
0.605437902723735,4.19E-05,41.889951934081
0.617399449988556,4.01E-05,40.0865186541543
0.629974409933623,3.90E-05,38.9885099565118
0.64162925085832,3.78E-05,37.7555504692149
0.65359079812314,3.67E-05,36.7004806591897
0.66555234538796,3.58E-05,35.8171663996338
0.677820598992904,3.47E-05,34.7375600823987
0.690088852597848,3.42E-05,34.1732204165713
0.700823574502174,3.31E-05,33.1304188601511
0.713705240787365,3.27E-05,32.7439688715953
0.725360081712062,3.17E-05,31.6888990615702
0.737628335317006,3.12E-05,31.2472419317922
0.749283176241703,3.06E-05,30.5540856031128
0.761551429846647,3.02E-05,30.2473792629892
0.773206270771343,2.95E-05,29.4744792858778
0.785474524376287,2.95E-05,29.4560769054704
